source,docnumber,year,contract_type,repeat_note,tractor_firstname_italian,tractor_familyname_italian,tractor_firstname_latin,tractor_familyname_latin,tractor_familyname_std_gc,tractor_familyname_std,tractor_2_firstname_italian,tractor_2_familyname_italian,tractor_2_firstname_latin,tractor_2_familyname_latin,tractor_2_familyname_std_gc,tractor_2_familyname_std,stans_firstname_italian,stans_familyname_italian,stans_firstname_latin,stans_familyname_latin,stans_familyname_std_gc,stans_familyname_std,stans_2_firstname_italian,stans_2_familyname_italian,stans_2_firstname_latin,stans_2_familyname_latin,stans_2_familyname_std_gc,stans_2_familyname_std
"Morozzo della Rocca and Lombardo (1940)",62,1131,"colleganza settlement","","Marino","Michiel","Marino","Michael","Michiel","Michiel","","","","","","","Colomanno","Bembo","Colomannus","Bembo","Bembo","Bembo","","","","","",""
"Sebellico (1973)",189,1321,"colleganza","","Filippo","Barbadico","Phylippus","Barbadico","Barbarigo","Barbarigo","","","","","","","Nicola","Caravello","Nicolao","Charavello","Caravello","Caravello","","","","","",""
"Lombardo and Morozzo della Rocca (1953)",51,1199,"colleganza settlement","","Tommaso","Viadro","Thome","Viadro","Viaro","Viaro","","","","","","","Domenico","Aldoino","Dominicus","Aldoyno","Arduini","Arduini","","","","","",""
"Tiepolo (1970)",148,1312,"colleganza","","Giovanni","Biondo","Iohannes","Blondo","","","","","","","","","Vito","da Canal","Vito","da Canale","Canal","Canal","","","","","",""
"Morozzo della Rocca and Lombardo (1940)",56,1130,"colleganza settlement","","Ottone","Falier","Otoni","Faletro","Falier","Falier","","","","","","","Enrico","Morosini","Henrico","Maureceno","Morosini","Morosini","","","","","",""
"Sebellico (1973)",331,1323,"colleganza","","Nicola","Miani","Nicolaus","Miani","Miani","Miani","","","","","","","Francesco","Foscolo","Francisco","Fusculo","Foscolo","Foscolo","","","","","",""
"Morozzo della Rocca and Lombardo (1940)",353,1186,"colleganza","","Pietro","Morosini","Petrus","Mauroceno","Morosini","Morosini","","","","","","","Vitale","Voltani","Vitale","Voltani","","","","","","","",""
"Morozzo della Rocca and Lombardo (1940)",450,1200,"colleganza","","Domenico","di Albiola","Dominicus","de Aibolo","","","","","","","","","Pietro","Barbani","Petro","Barbani","Barbani","Barbani","","","","","",""
"Lombardo and Morozzo della Rocca (1953)",53,1201,"colleganza","","Tommaso","Viadro","Thome","Viadro","Viaro","Viaro","","","","","","","Pietro","Ziani","Petro","Çiani","Ziani","Ziani","","","","","",""
"Morozzo della Rocca and Lombardo (1940)",648,1228,"colleganza settlement","","Rinaldo","Longo","Raynaldo","Longo","Longo","Longo","","","","","","","Giacomo","Bredano","Iacobus","Bredano","Bredani","Bredani","","","","","",""
"Morozzo della Rocca and Lombardo (1940)",749,1242,"colleganza","","Odorico","Bello","Odoricus","Bello","Belli","Belli","","","","","","","Angelo","Barastro","Angelo","Barastro","Barastro","Barastro","","","","","",""
"Morozzo della Rocca and Lombardo (1940)",520,1207,"colleganza settlement","","Giovanni","Corner","Iohanni","Cornario","Corner","Corner","","","","","","","Filippo","Corner","Philippus","Cornario","Corner","Corner","","","","","",""
"Morozzo della Rocca and Lombardo (1940)",803,1250,"colleganza","","Antonio","Pigozo","Antonius","Pigoco","","","","","","","","","Zorzi","Ballisterio","Corci","Ballisterio","Balestrieri","Balestrieri","","","","","",""
"Sebellico (1973)",472,1327,"colleganza","","Gabriele","Trevisan","Gabriel","Tervisano","Trevisan","Trevisan","","","","","","","Marco","Giustinian","Marco","Iustiniano","Giustinian","Giustinian","","","","","",""
"Morozzo della Rocca and Lombardo (1940)",800,1206,"colleganza settlement","","Damiano","Bozolino","Damianus","Butilinus","","","","","","","","","Bonardito","Fiorentino","Bonardito","Florentini","","","","","","","",""
"Morozzo della Rocca and Lombardo (1940)",469,1205,"colleganza","","Giovanni","Corner","Iohannes","Cornario","Corner","Corner","","","","","","","Angelo","Simitecolo","Angelo","Simiteculo","Semitecolo","Semitecolo","","","","","",""
"Sebellico (1973)",48,1316,"colleganza","","Giovannino","Sanudo","Iohanninus","Sanudo","Sanudo","Sanudo","","","","","","","Andrea","Sanudo","Andree","Sanudo","Sanudo","Sanudo","","","","","",""
"Sebellico (1973)",299,1323,"colleganza","","Filippo","Orio","Philippus","Aurio","Orio","Orio","","","","","","","Cecilia","Michiel","Cecilie","Michaeli","Michiel","Michiel","","","","","",""
"Morozzo della Rocca and Lombardo (1940)",678,1234,"colleganza","","Rodolfo","de Suligo","Redolfus","de Suligo","","","","","","","","","Pietro","Alberto","Petro","Alberto","Alberto","Alberto","Clemente","Bonizzo","Clemento","Boniço","",""
"Sebellico (1973)",209,1322,"colleganza","","Marinello","Badoer","Marinellus","Baduario","Badoer","Badoer","","","","","","","Ziani","Badoer","Çiani","Baduario","Badoer","Badoer","","","","","",""
"Sebellico (1973)",346,1323,"colleganza","","Francesco","Morosini","Franciscus","Moroceno","Morosini","Morosini","","","","","","","Marino","Moro","Marino","Moro","Moro","Moro","","","","","",""
"Morozzo della Rocca and Lombardo (1940)",507,1208,"colleganza settlement","","Michele","Emo","Michaeli","Aymo","Emo","Emo","","","","","","","Orio","Cassulo","Aurius","Cassulo","Casolo","Casolo","","","","","",""
"Morozzo della Rocca and Lombardo (1940)",467,1206,"colleganza","","Zaccaria","Stagnario","Çacharias","Staniario","Staniario","Staniario","","","","","","","Palmero","Zane","Palmero","Ianne","Zane","Zane","","","","","",""
"Morozzo della Rocca and Lombardo (1940)",235,1170,"colleganza","","Pietro","da Molin","Petrus","da Molino","Da Molin","Da Molin","","","","","","","Pietro","Venier","Petrus","Venero","Venier","Venier","","","","","",""
"Morozzo della Rocca and Lombardo (1940)",792,1248,"colleganza","","Bogodano","da Veglia","Bogodanus","de Vegla","Veglia","Veglia","","","","","","","Michele","Greco","Michaele","Grego","","Grego","","","","","",""
"Sebellico (1973)",67,1316,"colleganza","","Mirabello","Boninsegna","Mirabello","Bonensegne","Boninsegna","Boninsegna","","","","","","","Nicolotta","Michiel","Nicolotta","Michaeli","Michiel","Michiel","","","","","",""
"Lombardo and Morozzo della Rocca (1953)",73,1209,"colleganza","","Tommaso","Viadro","Thome","Viadro","Viaro","Viaro","","","","","","","Maria","Ziani","Maria","Çiani","Ziani","Ziani","","","","","",""
"Morozzo della Rocca and Lombardo (1940)",45,1120,"colleganza settlement","","Domenico","Bilongo","Dominico","Bilongo","","","","","","","","","Orio","Navigaioso","Aurius","Navigaiosus","Navigroso","Navigroso","","","","","",""
"Sebellico (1973)",274,1324,"colleganza","","Giovanni","Zulian","Iohannes","Çuliano","Zulian","Zulian","","","","","","","Agnese","da la Scala","Agneti","de la Scala","Dalla Scala","Dalla Scala","","","","","",""
"Lombardo and Morozzo della Rocca (1953)",57,1202,"colleganza settlement","","Tommaso","Viadro","Thome","Viadro","Viaro","Viaro","","","","","","","Giovani","Badoer","Iohannes","Badouarius","Badoer","Badoer","","","","","",""
"Morozzo della Rocca and Lombardo (1940)",525,1210,"colleganza","","Domenico","Gradenigo","Dominicus","Gradonicus","Gradenigo","Gradenigo","","","","","","","Matteo","Marzolo","Matheo","Marcolo","","","","","","","",""
"Sebellico (1973)",529,1329,"colleganza","","Gabriele","Trevisan","Gabriel","Tervisano","Trevisan","Trevisan","","","","","","","Nicola","da le Sevele","Nicolao","de la Sevele","Dalle Sevole","Dalle Sevole","","","","","",""
"Morozzo della Rocca and Lombardo (1940)",40,1118,"colleganza settlement","","Viviano","da Molin","Viviano","da Molino","Da Molin","Da Molin","","","","","","","Domenico","Grilioni","Dominicus","Grilioni","Grioni","Grioni","","","","","",""
"Morozzo della Rocca and Lombardo (1940)",683,1234,"colleganza","","Rodolfo","de Suligo","Redolfus","de Suligo","","","","","","","","","Rinaldo","de Ranerio","Rainaldo","de Ranerio","","","","","","","",""
"Sebellico (1973)",115,1319,"colleganza","","Biagio","Malipiero","Blaxius","Malipero","Malipiero","Malipiero","","","","","","","Caterina","Arimondo","Catherina","Arimondo","Arimondo","Arimondo","","","","","",""
"Lombardo and Morozzo della Rocca (1953)",50,1198,"colleganza settlement","","Tommaso","Viadro","Thome","Viadro","Viaro","Viaro","","","","","","","Pietro","da Muggia","Petrus","da Mugla","Da Mula","Da Mula","","","","","",""
"Morozzo della Rocca and Lombardo (1940)",638,1226,"colleganza settlement","","Michele","Emo","Michaeli","Aymo","Emo","Emo","","","","","","","Casota","Agadi","Casota","Agadi","Agadi","Agadi","","","","","",""
"Morozzo della Rocca and Lombardo (1940)",706,1236,"colleganza","","Marco","Longo","Marcus","Longo","Longo","Longo","","","","","","","Giacomo","Albizo","Iacobo","Albico","Albizzo","Albizzo","","","","","",""
"Sebellico (1973)",106,1320,"colleganza","","Goffredo","Morosini","Çufredus","Moroceno","Morosini","Morosini","","","","","","","Francesca","Morosini","Francisca","Moroceno","Morosini","Morosini","","","","","",""
"Morozzo della Rocca and Lombardo (1940)",707,1236,"colleganza","","Pietro","da Vicenza","Petrus","da Vicentia","","","","","","","","","Gabriele","Marignoni","Gabriele","Marignuni","Marioni","Marioni","","","","","",""
"Morozzo della Rocca and Lombardo (1940)",15,1083,"colleganza","","Domenico","Florenzio","Dominici","Florentii Maureceni","Morosini","Morosini","","","","","","","Ripaldo","Florenzio","Ripaldus","Florentii Maureceni","Morosini","Morosini","","","","","",""
"Morozzo della Rocca and Lombardo (1940)",666,1231,"colleganza settlement","","Tommaso","Falier","Thome","Faletro","Falier","Falier","","","","","","","Vitale","Mastrorso","Vitalis","Mastrorso","","","","","","","",""
"Morozzo della Rocca and Lombardo (1940)",596,1221,"colleganza","","Tommaso","Bono","Thomas","Bono","Bon","Bon","","","","","","","Giocomo","Mudazo","Iacobo","Mudaco","Muazzo","Muazzo","","","","","",""
"Morozzo della Rocca and Lombardo (1940)",627,1226,"colleganza","","Giovanni","Russo","Iohannes","Russo","","","","","","","","","Soria","","Suria","","","","","","","","",""
"Sebellico (1973)",528,1329,"colleganza","","Gabriele","Trevisan","Gabriel","Tervisano","Trevisan","Trevisan","","","","","","","Marco","Giustinian","Marco","Iustiniano","Giustinian","Giustinian","","","","","",""
"Morozzo della Rocca and Lombardo (1940)",759,1243,"colleganza","","Ugolino","di Ruggero","Ugolinus","de Rugerio","Ruzier","Ruzier","","","","","","","Lazzaro","Mercadante","Lacaro","Mercadante","","","","","","","",""
"Morozzo della Rocca and Lombardo (1940)",239,1172,"colleganza","","Viticlino","Bon","Viticlinus","Bono","Bon","Bon","","","","","","","Vitale","Voltani","Vitali","Vultani","","","","","","","",""
"Morozzo della Rocca and Lombardo (1940)",141,1138,"colleganza settlement","","Marco","Urso","Marco","Urso","","","","","","","","","Ugo","Urso","Petri","Urso","","","","","","","",""
"Lombardo and Morozzo della Rocca (1953)",95,1252,"colleganza","","Nicola","Siriano","Nicolaus","Syrano","","Sirano","","","","","","","Marino","Gisi","Marino","Gisi","Ghisi","Ghisi","","","","","",""
"Morozzo della Rocca and Lombardo (1940)",142,1159,"colleganza settlement","","Samuele","Mairano","Samueli","Mairano","","Marano","","","","","","","Domenico","Maciacavallo","Domenicum","Macia Caballo","","","","","","","",""
"Morozzo della Rocca and Lombardo (1940)",495,1208,"colleganza","","Domenico","Gradenigo","Dominicus","Gradonicus","Gradenigo","Gradenigo","","","","","","","Agnese","Soranzo","Agnete","Superancii","Soranzo","Soranzo","","","","","",""
"Morozzo della Rocca and Lombardo (1940)",437,1197,"colleganza settlement","","Bartolomeo","Fazio","Bartholomeo","Facio","Faccio","Faccio","","","","","","","Natale","Paulini","Natalis","Paulini","Polini","Polini","","","","","",""
"Sebellico (1973)",283,1323,"colleganza","","Dimitri","Foscarini","Dimitri","Fuscareno","Foscarini","Foscarini","","","","","","","Santuccio","Marin","Santucio","Marino","Marin","Marin","","","","","",""
"Lombardo and Morozzo della Rocca (1953)",74,1209,"colleganza settlement","","Tommaso","Viadro","Thome","Viadro","Viaro","Viaro","","","","","","","Stefano","Enzo","Stephanus","Hencio","Encio","Encio","","","","","",""
"Sebellico (1973)",317,1323,"colleganza","","Matteo","de Protis","Matheus","de Protis","","","Marco & Giovaninno","de Protis","Marcus & Iohanninus","de Protis","","","Maria","Tagliapietra","Maria","Taiapetra","Tagliapietra","Tagliapietra","","","","","",""
"Morozzo della Rocca and Lombardo (1940)",136,1159,"colleganza settlement","","Giovanni","Russo","Iohanni","Russo","","","","","","","","","Lipefina","Manolesso","Lipefina","Manolessi","Manolesso","Manolesso","","","","","",""
"Morozzo della Rocca and Lombardo (1940)",494,1207,"colleganza settlement","","Domenico","Gradenigo","Dominico","Gradonico","Gradenigo","Gradenigo","","","","","","","Marchisino","di Loreo","Markisinus","de Laureto","","","","","","","",""
"Sebellico (1973)",520,1329,"colleganza","","Pietro","Morosini","Petrus","Mauroceno","Morosini","Morosini","","","","","","","Agnese","dalla Scala","Agneti","da la Scala","Dalla Scala","Dalla Scala","","","","","",""
"Sebellico (1973)",148,1320,"colleganza","","Pietro","Sagredo","Petrus","Sagreto","Sagredo","Sagredo","","","","","","","Giovanni","dei Boccoli","Iohanne","de Bocholis","","","","","","","",""
"Lombardo and Morozzo della Rocca (1953)",61,1204,"colleganza settlement","","Tommaso","Viadro","Thome","Viadro","Viaro","Viaro","","","","","","","Domenico","Aldoino","Dominicus","Aldoyno","Arduini","Arduini","","","","","",""
"Morozzo della Rocca and Lombardo (1940)",735,1240,"colleganza","","Gerardo","Vettori","Gerardus","Victuri","Vitturi","Vitturi","","","","","","","Marchese","Veronese","Markese","Veronensi","","","","","","","",""
"Tiepolo (1970)",135,1313,"colleganza","","Bartolomeo","di Fioravante","Bartholameus","de Floravante","","","","","","","","","Costanza","Benedetto","Costantia","Benedicto","Benedetti","Benedetti","","","","","",""
"Sebellico (1973)",399,1326,"colleganza","","Giovanni","Querini","Iohannes","Quirino","Querini","Querini","","","","","","","Giacomo","di Boninsegna detto Orsato","Iacobo","de Bonensegna dicto Orsato","Boninsegna","Boninsegna","","","","","",""
"Morozzo della Rocca and Lombardo (1940)",676,1234,"colleganza","","Rodolfo","de Suligo","Redolfus","de Suligo","","","","","","","","","Donato","Civran","Donato","Civrano","Civran","Civran","","","","","",""
"Lombardo and Morozzo della Rocca (1953)",60,1204,"colleganza","","Tommaso","Viadro","Thome","Viadro","Viaro","Viaro","","","","","","","Matteo","Marzulo","Matheo","Marçulo","","","","","","","",""
"Morozzo della Rocca and Lombardo (1940)",715,1239,"colleganza","","Stefano","di Bruges","Stephanus","de Burgis","","","","","","","","","Gabriele","Marignoni","Gabriele","Marignoni","Marioni","Marioni","","","","","",""
"Tiepolo (1970)",34,1310,"colleganza","","Michele","Contarini","Michael","Contareno","Contarini","Contarini","","","","","","","Costanza","Zorzi","Costancia","Corci","Zorzi","Zorzi","","","","","",""
"Sebellico (1973)",118,1319,"colleganza","","Nicoletto","di Ubaldo","Nicoletus","de Boldo","Boldu","Boldu","","","","","","","Pietro","Cazzamonti","Petrus","Caçamonti","","","","","","","",""
"Morozzo della Rocca and Lombardo (1940)",568,1217,"colleganza settlement","","Pietro","Vitaliano","Petro","Vitaliano","","Vitaliano","","","","","","","Giacomo","Baseggio","Iacobus","Basilio","Baseggio","Baseggio","","","","","",""
"Morozzo della Rocca and Lombardo (1940)",137,1159,"colleganza settlement","","Giacomo","Guido","Iacobo","Guido","Guido","Guido","","","","","","","Giovanni","Rustico","Iohannes","Rusticus","","","","","","","",""
"Sebellico (1973)",890,1333,"colleganza","","Marco","da Molin","Marcus","de Molino","Da Molin","Da Molin","","","","","","","Andrea","Brizi","Andree","Briçi","Brizi","Brizi","","","","","",""
"Sebellico (1973)",527,1329,"colleganza","","Marco","Morosini","Marcus","Mauroceno","Morosini","Morosini","","","","","","","Giacomo","Zordan","Iacobo","Çordano","Zordani","Zordani","","","","","",""
"Lombardo and Morozzo della Rocca (1953)",67,1206,"colleganza","","Gisio","da Fano","Gisius","de Fano","Da Fano","Da Fano","","","","","","","Antolino","Curtulo da Torcello","Antolino","Curtulo de Torcello","","Curtolo","","","","","",""
"Morozzo della Rocca and Lombardo (1940)",786,1247,"colleganza","","Leonardo","de Lanfranco","Leonardus","de Lanfranco","Lanfranchi","Lanfranchi","","","","","","","Fiorentino","da Mosto","Florentino","da Musto","Mosto","Mosto","","","","","",""
"Sebellico (1973)",474,1327,"colleganza","","Filippo","Barbadico","Philippus","Barbadico","Barbarigo","Barbarigo","","","","","","","Marco","Morosini","Marco","Mauroceno","Morosini","Morosini","","","","","",""
"Morozzo della Rocca and Lombardo (1940)",355,1183,"colleganza","","Gotello","Vitale Polo","Gautello","Vitalis Paulo","Vidal","Vidal","","","","","","","Feloto","Centosoldi","Feloto","Cento Soldi","","","","","","","",""
"Morozzo della Rocca and Lombardo (1940)",479,1206,"repeat","copy of document 478","Pietro","da Ferraguto","Petrus","da Feragudo","","","","","","","","","Zaccaria","Stagnario","Cacharia","Staniario","Staniario","Staniario","","","","","",""
"Sebellico (1973)",473,1327,"colleganza","","Gabriele","Trevisan","Gabriel","Tervisano","Trevisan","Trevisan","","","","","","","Nicola","de la Sevele","Nicolao","de la Sevele","Dalle Sevole","Dalle Sevole","","","","","",""
"Sebellico (1973)",316,1323,"colleganza","","Matteo","de Protis","Matheus","de Protis","","","Marco & Giovaninno","de Protis","Marcus & Iohanninus","de Protis","","","Lucia","de Protis","Lucie","de Protis","","","","","","","",""
"Morozzo della Rocca and Lombardo (1940)",724,1220,"colleganza settlement","","Domenico","Emo","Dominico","Aimo","Emo","Emo","","","","","","","Filocardina","Gramentuni","Filocardine","Gramentuni","","","","","","","",""
"Morozzo della Rocca and Lombardo (1940)",600,1220,"colleganza settlement","","Filippo","Zantani","Filippo","Cantani","Zantani","Zantani","","","","","","","Leonardo","Dona","Leonardus","Donato","Donato","Donato","","","","","",""
"Morozzo della Rocca and Lombardo (1940)",334,1182,"colleganza","","Giovanni","Tiepolo","Iohannes","Teupulus","Tiepolo","Tiepolo","","","","","","","Marco","Tiepolo","Marco","Teupulo","Tiepolo","Tiepolo","","","","","",""
"Tiepolo (1970)",234,1312,"colleganza","","Andrea","Benedetto","Andreas","Benedicto","Benedetti","Benedetti","","","","","","","Ottonello","Barberius","Otonello","Barberio","","","","","","","",""
"Morozzo della Rocca and Lombardo (1940)",441,1198,"colleganza","","Giovanni","Anastasio","Iohannes","Anastasius","","","","","","","","","Vitale","Voltani","Vitale","Voltani","","","","","","","",""
"Morozzo della Rocca and Lombardo (1940)",695,1235,"colleganza","","Stefano","Calbo","Stephanus","Calbo","Calbo","Calbo","","","","","","","Filippo","Iantani","Phylippo","Iantani","","","","","","","",""
"Morozzo della Rocca and Lombardo (1940)",802,1250,"colleganza","","Antonio","Pigozo","Antonius","Pigoco","","","","","","","","","Marino","Spatario","Marino","Spatario","","","","","","","",""
"Morozzo della Rocca and Lombardo (1940)",236,1165,"colleganza settlement","","Angelo","Vitale","Angelo","Vitali","Vidal","Vidal","","","","","","","Leone","Copula","Leonem","Copula","","","","","","","",""
"Morozzo della Rocca and Lombardo (1940)",451,1200,"colleganza","","Domenico","Davanzago","Dominicus","Davancago","D'Avanzago","D'Avanzago","","","","","","","Orio","Barbarigo","Aureo","Barbadico","Barbarigo","Barbarigo","","","","","",""
"Morozzo della Rocca and Lombardo (1940)",498,1207,"colleganza settlement","","Domenico","Gradenigo","Dominico","Gradonico","Gradenigo","Gradenigo","","","","","","","Marco","Cavalerio","Marcus","Cavalerio","","","","","","","",""
"Morozzo della Rocca and Lombardo (1940)",388,1190,"colleganza","","Giacomo","Tiepolo","Iacobus","Teupulo","Tiepolo","Tiepolo","","","","","","","Pietro","Ziani","Petro","Ciani","Ziani","Ziani","","","","","",""
"Lombardo and Morozzo della Rocca (1953)",71,1207,"colleganza settlement","","Tommaso","Viadro","Thome","Viadro","Viaro","Viaro","","","","","","","Pietro","da Molin","Petrus","da Molino","Da Molin","Da Molin","","","","","",""
"Morozzo della Rocca and Lombardo (1940)",711,1238,"colleganza","","Sebastiano","Raguseo","Sebastianus","Raguseo","Ragusio","Ragusio","","","","","","","Gabriele","Marignoni","Gabriele","Marignoni","Marioni","Marioni","","","","","",""
"Morozzo della Rocca and Lombardo (1940)",769,1244,"colleganza","","Omobono","Barbo","Homobonus","Barbo","Barbo","Barbo","","","","","","","Giovanni","Giustinian","Iohanne","Iustiniano","Giustinian","Giustinian","","","","","",""
"Morozzo della Rocca and Lombardo (1940)",813,1253,"colleganza","","Giovanni","Emo","Iohannes","Aymo","Emo","Emo","","","","","","","Bartolomeo","Groscalco","Bartholomeo","Groscalco","","","","","","","",""
"Sebellico (1973)",119,1319,"colleganza","","Matteo","Flabenigo","Matheus","Flabanico","","Flabiano","","","","","","","Constanza","Semitecolo","Costancia","Simitecolo","Semitecolo","Semitecolo","","","","","",""
"Sebellico (1973)",440,1326,"colleganza","","Marino","Morosini","Marinus","Moroceno","Morosini","Morosini","","","","","","","Cecilia","Giustinian","Cecilie","Iustiniano","Giustinian","Giustinian","","","","","",""
"Morozzo della Rocca and Lombardo (1940)",700,1235,"colleganza","","Giacomo","Falier","Iacobus","Faletro","Falier","Falier","","","","","","","Pangrazio","Capello","Pangrati","Capello","Capello","Capello","","","","","",""
"Morozzo della Rocca and Lombardo (1940)",569,1217,"colleganza","","Domenico","Gradenigo","Dominicus","Gradonicus","Gradenigo","Gradenigo","","","","","","","Bartolomeo","Bembo","Bartholameo","Benbo","Bembo","Bembo","","","","","",""
"Morozzo della Rocca and Lombardo (1940)",632,1225,"colleganza settlement","","Margarito","da Equilo","Margaritum","de Equilo","D'Equilo","D'Equilo","","","","","","","Marco","Dolce","Marci","Dolce","","","","","","","",""
"Morozzo della Rocca and Lombardo (1940)",491,1207,"colleganza","","Giovanni","Corner","Iohannes","Coronarius","Corner","Corner","","","","","","","Pietro","Longo","Petro","Longo","Longo","Longo","","","","","",""
"Morozzo della Rocca and Lombardo (1940)",808,1252,"colleganza","","Andrea","Pentulo","Andreas","Pentulo","","","","","","","","","Frusina","Pentulo","Frusina","Pentulo","","","","","","","",""
"Morozzo della Rocca and Lombardo (1940)",677,1234,"colleganza","","Rodolfo","de Suligo","Redolfus","de Suligo","","","","","","","","","Timoteo","","Timodeo","","","","","","","","",""
"Morozzo della Rocca and Lombardo (1940)",106,1153,"colleganza","","Filocaro","Calbo","Philocarus","Calbus","Calbo","Calbo","","","","","","","Gervasio","Greco","Gervaso","Greco","","Grego","","","","","",""
"Morozzo della Rocca and Lombardo (1940)",573,1218,"colleganza","","Domenico","Gradenigo","Dominicus","Gradonicus","Gradenigo","Gradenigo","","","","","","","Bartolomeo","Bembo","Bartholomeo","Bembo","Bembo","Bembo","","","","","",""
"Morozzo della Rocca and Lombardo (1940)",650,1228,"colleganza settlement","","Rinaldo","Longo","Raynaldo","Longo","Longo","Longo","","","","","","","Obizo","Speziale","Obicus","Spetiales","","","Martino","Speziale","Martinus","Spetiales","",""
"Morozzo della Rocca and Lombardo (1940)",763,1243,"colleganza","","Omobono","Barbo","Homobonus","Barbo","Barbo","Barbo","","","","","","","Giovanni","Della Fontana","Iohanne","de La Fontana","Dalla Fontana","Dalla Fontana","","","","","",""
"Lombardo and Morozzo della Rocca (1953)",85,1233,"colleganza settlement","","Iacopo","Venier","Iacobus","Venero","Venier","Venier","","","","","","","Luca","unknown","Luca","unknown","","","","","","","",""
"Morozzo della Rocca and Lombardo (1940)",605,1223,"colleganza","","Domenico","Gradenigo","Dominicus","Gradonico","Gradenigo","Gradenigo","","","","","","","Pietro","Ziani","Petro","Ciani","Ziani","Ziani","","","","","",""
"Morozzo della Rocca and Lombardo (1940)",71,1138,"colleganza","","Enrico","Contarini","Henricus","Contarenus","Contarini","Contarini","","","","","","","Ratolica","Giustiniani","Ratholica","Iustiniani","Giustinian","Giustinian","","","","","",""
"Morozzo della Rocca and Lombardo (1940)",155,1161,"colleganza settlement","","Romano","Mairano","Romano","Mairano","","Marano","","","","","","","Giovanni","Dandolo","Iohannes","Dandulo","Dandolo","Dandolo","","","","","",""
"Morozzo della Rocca and Lombardo (1940)",633,1225,"colleganza settlement","","Domenico","Gradenigo","Dominico","Gradonico","Gradenigo","Gradenigo","","","","","","","Tommaso","Gradenigo","Thomas","Gradonico","Gradenigo","Gradenigo","","","","","",""
"Tiepolo (1970)",159,1312,"colleganza","","Leonardo","Venier","Iohannes","Venerio","Venier","Venier","","","","","","","Andrea","Marcello","Andrea","Marcello","Marcello","Marcello","","","","","",""
"Sebellico (1973)",1070,1338,"colleganza","","Matteo","Barbadico","Matheus","Barbadico","Barbarigo","Barbarigo","","","","","","","Zanino","Morosino","Çanino","Mauroceno","Morosini","Morosini","","","","","",""
"Morozzo della Rocca and Lombardo (1940)",545,1213,"colleganza","","Domenico","Gradenigo","Dominicus","Gradonico","Gradenigo","Gradenigo","","","","","","","Pietro","Bembo","Petro","Bembo","Bembo","Bembo","","","","","",""
"Morozzo della Rocca and Lombardo (1940)",780,1246,"colleganza","","Stefano","Bendolo","Stephanus","Bendolo","","","","","","","","","Tibaldino","de Galletto","Thebaudino","de Galletto","","","","","","","",""
"Sebellico (1973)",45,1316,"colleganza","","Giovannino","Sanudo","Iohanninus","Sanudo","Sanudo","Sanudo","","","","","","","Gratone","Dandolo","Grathone","Dandullo","Dandolo","Dandolo","","","","","",""
"Sebellico (1973)",57,1316,"colleganza","","Marinello","Badoer","Marinellus","Baduario","Badoer","Badoer","","","","","","","Graton","Dandolo","Grathone","Dandullo","Dandolo","Dandolo","","","","","",""
"Morozzo della Rocca and Lombardo (1940)",685,1234,"colleganza","","Rodolfo","de Suligo","Redolfus","de Suligo","","","","","","","","","Marino","Bellono","Marino","Bellono","","","","","","","",""
"Morozzo della Rocca and Lombardo (1940)",389,1190,"colleganza","","Giacomo","Tiepolo","Iacobus","Teupulus","Tiepolo","Tiepolo","","","","","","","Marco","Tanoligo","Marco","Tanoligo","Tolonegi","Tolonegi","","","","","",""
"Morozzo della Rocca and Lombardo (1940)",349,1184,"colleganza settlement","","Pietro","da Molin","Petro","da Molino","Da Molin","Da Molin","","","","","","","Profeta","da Molin","Propheta","da Molino","Da Molin","Da Molin","","","","","",""
"Sebellico (1973)",344,1323,"colleganza","","Filippo","Barbadico","Philippus","Barbadico","Barbarigo","Barbarigo","","","","","","","Marino","Badoer","Marino","Baduario","Badoer","Badoer","","","","","",""
"Morozzo della Rocca and Lombardo (1940)",122,1156,"colleganza settlement","","Romano","Mairano","Romano","Mairano","","Marano","","","","","","","Giovanni","Navigaioso","Iohannes","Navigaiosus","Navigroso","Navigroso","","","","","",""
"Morozzo della Rocca and Lombardo (1940)",496,1208,"colleganza","","Domenico","Gradenigo","Dominicus","Gradonicus","Gradenigo","Gradenigo","","","","","","","Pietro","Gradenigo","Petro","Gradonico","Gradenigo","Gradenigo","","","","","",""
"Morozzo della Rocca and Lombardo (1940)",771,1244,"colleganza","","Martino","Miliano","Martinus","Milianus","Miani","Miani","","","","","","","Lazzaro","Mercadante","Lacaro","Marcadante","","","","","","","",""
"Morozzo della Rocca and Lombardo (1940)",475,1205,"colleganza","","Domenico","Gradenigo","Dominicus","Gradonicus","Gradenigo","Gradenigo","","","","","","","Orseola","Mocenigo","Ursiula","Mucinigo","Mocenigo","Mocenigo","","","","","",""
"Morozzo della Rocca and Lombardo (1940)",839,1257,"colleganza","","Floriano","Trevisan","Florianus","Tervisano","Trevisan","Trevisan","","","","","","","Lazzaro","Mercadante","Lacaro","Marcadante","","","","","","","",""
"Sebellico (1973)",362,1323,"colleganza","","Tommaso","Tron","Thomas","Truno","Tron","Tron","","","","","","","wife of tractor","Tron","wife of tractor","Truno","Tron","Tron","","","","","",""
"Morozzo della Rocca and Lombardo (1940)",673,1234,"colleganza","","Giovanni","Acotanto","Iohannes","Acotanto","Acotanto","Acotanto","","","","","","","Maria","Giusto","Maria","Iusto","Zusto","Zusto","","","","","",""
"Morozzo della Rocca and Lombardo (1940)",644,1228,"colleganza","","Marco","Pizolo","Marcus","Picolo","","","","","","","","","Bartolomeo","Barozzi","Bartholomeo","Baroci","Barozzi","Barozzi","","","","","",""
"Tiepolo (1970)",417,1316,"colleganza","","Bonacorso","unknown","Bonacursus","unknown","","","","","","","","","Marco","de Stolla","Marco","de Stolla","","","","","","","",""
"Sebellico (1973)",46,1316,"colleganza","","Giovannino","Sanudo","Iohanninus","Sanudo","Sanudo","Sanudo","","","","","","","Tommasino","Giustinian","Thomasinus","Iustiniano","Giustinian","Giustinian","","","","","",""
"Sebellico (1973)",1012,1342,"colleganza","","Filippo","Barbadico","Philippus","Barbadico","Barbarigo","Barbarigo","","","","","","","Giovannino","Morosini","Iohannino","Mauroceno","Morosini","Morosini","","","","","",""
"Sebellico (1973)",493,1328,"colleganza","","Marino","Morosini","Marinus","Mauroceno","Morosini","Morosini","","","","","","","Cecilia","Giustinian","Cecilie","Iustiniano","Giustinian","Giustinian","","","","","",""
"Morozzo della Rocca and Lombardo (1940)",515,1209,"colleganza settlement","","Giovanni","Corner","Iohanni","Cornario","Corner","Corner","","","","","","","Silvestro","Tebaldo","Silvester","Tibaldus","","","","","","","",""
"Morozzo della Rocca and Lombardo (1940)",761,1243,"colleganza","","Omobono","Barbo","Homobonus","Barbo","Barbo","Barbo","","","","","","","Marco","Giustinian","Marco","Iustiniano","Giustinian","Giustinian","","","","","",""
"Morozzo della Rocca and Lombardo (1940)",680,1234,"colleganza","","Rodolfo","de Suligo","Redolfus","de Suligo","","","","","","","","","Marino","da Tumba","Marino","da Tumba","","","","","","","",""
"Sebellico (1973)",419,1325,"colleganza","","Zanino","Morosini","Çaninus","Moroceno","Morosini","Morosini","","","","","","","Pantaleone","Giustinian","Pantaleoni","Iustiniano","Giustinian","Giustinian","","","","","",""
"Sebellico (1973)",349,1323,"colleganza","","Giovanni","Morosini","Iohannes","Moroceno","Morosini","Morosini","","","","","","","Fiordaliso","Gradenigo","Flordelise","Gradonico","Gradenigo","Gradenigo","","","","","",""
"Morozzo della Rocca and Lombardo (1940)",849,1260,"colleganza","","Angelo","Marangon","Angelus","Marangono","","","","","","","","","Pietro","Trevisan","Petro","Tervisano","Trevisan","Trevisan","","","","","",""
"Morozzo della Rocca and Lombardo (1940)",682,1234,"colleganza","","Rodolfo","de Suligo","Redolfus","de Suligo","","","","","","","","","Vito","Bono","Vito","Bono","Bon","Bon","","","","","",""
"Morozzo della Rocca and Lombardo (1940)",619,1224,"colleganza","","Michele","Emo","Michael","Aimo","Emo","Emo","","","","","","","Giovanni","Badoer","Iohanne","Badovario","Badoer","Badoer","","","","","",""
"Tiepolo (1970)",327,1313,"colleganza","","Matteo","d'Ancontano","Matheus","d'Ancontano","","","","","","","","","Emia","Giustinian","Emia","Iustiniano","Giustinian","Giustinian","","","","","",""
"Sebellico (1973)",871,1333,"colleganza","","Gabriele","Trevisan","Gabriel","Tervisano","Trevisan","Trevisan","","","","","","","Marco","Giustinian","Marco","Iustinianno","Giustinian","Giustinian","","","","","",""
"Lombardo and Morozzo della Rocca (1953)",94,1249,"colleganza","","Stefano","Venier","Stephano","Venero","Venier","Venier","","","","","","","Giovanni","Nicola","Iohanne","Nichole","Nicola","Nicola","","","","","",""
"Morozzo della Rocca and Lombardo (1940)",506,1208,"colleganza settlement","","Domenico","Gradenigo","Dominico","Gradonico","Gradenigo","Gradenigo","","","","","","","Berta","Morosini","Berta","Mauroceno","Morosini","Morosini","","","","","",""
"Morozzo della Rocca and Lombardo (1940)",460,1200,"colleganza reference","","Zaccaria","Staniario","Cacharia","Staniario","Staniario","Staniario","","","","","","","Pietro","Istrigo","Petrus","Istrigo","Istrigo","Istrigo","","","","","",""
"Sebellico (1973)",439,1326,"colleganza","","Marino","Morosini","Marinus","Moroceno","Morosini","Morosini","","","","","","","Giacomo","Zordan","Iacobo","Çordano","Zordani","Zordani","","","","","",""
"Morozzo della Rocca and Lombardo (1940)",807,1251,"colleganza","","Felice","Venier","Felix","Venero","Venier","Venier","","","","","","","Pietro","Trevisan","Petro","Tervisano","Trevisan","Trevisan","","","","","",""
"Tiepolo (1970)",152,1312,"colleganza","","Giovanni","Biondo","Iohannes","Blondo","","","","","","","","","Corrado","Rozeri","Corado","Roçeri","","","","","","","",""
"Morozzo della Rocca and Lombardo (1940)",613,1224,"colleganza","","Michele","Emo","Michael","Aimo","Emo","Emo","","","","","","","Giovanni","Badoer","Iohanne","Badovario","Badoer","Badoer","","","","","",""
"Morozzo della Rocca and Lombardo (1940)",681,1234,"colleganza","","Rodolfo","de Suligo","Redolfus","de Suligo","","","","","","","","","Nicola","Aggadio","Nicolao","Aggadio","Agadi","Agadi","","","","","",""
"Morozzo della Rocca and Lombardo (1940)",815,1253,"colleganza","","Giovanni","Emo","Iohannes","Aymo","Emo","Emo","","","","","","","Marino","Badoer","Marino","Badovario","Badoer","Badoer","","","","","",""
"Morozzo della Rocca and Lombardo (1940)",112,1154,"colleganza settlement","","Romano","Mairano","Romano","Mayrano","","Marano","","","","","","","Valperto","Gausoni da Torcello","Walpertus","Gausoni de Torcello","Gussoni","Gussoni","","","","","",""
"Sebellico (1973)",302,1323,"colleganza","","Nicola","Mozo","Nicolaus","Moço","","","","","","","","","Matteo","di Federico","Matheo","de Federico","","","","","","","",""
"Sebellico (1973)",252,1322,"colleganza","","Marziale","Banzon","Marcialis","Bançon","","","","","","","","","Giovannino","da Trau","Iohannino","de Trahu","","","","","","","",""
"Morozzo della Rocca and Lombardo (1940)",829,1255,"colleganza","","Giovanni","Pagan","Iohannes","Pagan","","","Donato","Pagan","Donatus","Pagan","","","Redolica","Gradenigo","Rhedolica","Gradonico","Gradenigo","Gradenigo","","","","","",""
"Morozzo della Rocca and Lombardo (1940)",687,1234,"colleganza","","Rodolfo","de Suligo","Redolfus","de Suligo","","","","","","","","","Giovanni","Senatore","Iohanne","Senatore","Senadori","Senadori","","","","","",""
"Morozzo della Rocca and Lombardo (1940)",19,1089,"colleganza settlement","","Domenico","Mastroscoli","Dominici","Magister Scoli","","","","","","","","","Pietro","Storlato","Petri","Stoilati","Storladi","Storladi","","","","","",""
"Morozzo della Rocca and Lombardo (1940)",587,1220,"colleganza","","Domenico","Gradenigo","Dominicus","Gradonicus","Gradenigo","Gradenigo","","","","","","","Tommaso","Gradonico","Thome","Gradonico","Gradenigo","Gradenigo","","","","","",""
"Morozzo della Rocca and Lombardo (1940)",405,1191,"colleganza settlement","","Pietro","Tonisto","Petro","Tonisto","Tonisti","Tonisti","","","","","","","Marco","Giustiniani","Marcus","Iustinianus","Giustinian","Giustinian","","","","","",""
"Sebellico (1973)",102,1320,"colleganza","","Goffredo","Morosini","Çufredus","Moroceno","Morosini","Morosini","","","","","","","Beria","Contarini","Beria","Contarino","Contarini","Contarini","","","","","",""
"Morozzo della Rocca and Lombardo (1940)",489,1207,"colleganza","","Domenico","Gradenigo","Dominicus","Gradonicus","Gradenigo","Gradenigo","","","","","","","Matteo","Marzolo","Matheo","Marcolo","","","","","","","",""
"Sebellico (1973)",982,1340,"colleganza","","Filippo","Barbadico","Phylippus","Barbadico","Barbarigo","Barbarigo","","","","","","","Zanino","Morosino","Çanino","Mauroceno","Morosini","Morosini","","","","","",""
"Morozzo della Rocca and Lombardo (1940)",764,1243,"colleganza","","Viviano","Miliano","Wivianus","Milliano","Miani","Miani","","","","","","","Lazzaro","Mercadante","Lacaro","Marcadante","","","","","","","",""
"Morozzo della Rocca and Lombardo (1940)",604,1223,"colleganza","","Domenico","Gradenigo","Dominicus","Gradonicus","Gradenigo","Gradenigo","","","","","","","Guidota","Zorzi","Guidota","Georgio","Zorzi","Zorzi","","","","","",""
"Sebellico (1973)",56,1316,"colleganza","","Marinello","Badoer","Marinellus","Baduario","Badoer","Badoer","","","","","","","Sofia","Gisi","Sophia","Gixi","Ghisi","Ghisi","","","","","",""
"Morozzo della Rocca and Lombardo (1940)",806,1251,"colleganza","","Giacomo","Francesco","Iacobus","Franciscus","","","","","","","","","Giacomina","Zantani","Iacobina","Cantani","Zantani","Zantani","","","","","",""
"Sebellico (1973)",903,1333,"colleganza","","Gabriele","Trevisan","Gabriel","Tervisano","Trevisan","Trevisan","","","","","","","Nicola","da le Sevele","Nicolao","de la Sevele","Dalle Sevole","Dalle Sevole","","","","","",""
"Morozzo della Rocca and Lombardo (1940)",191,1167,"colleganza","","Domenico","Giacobbe","Dominicus","Iacobe","","","","","","","","","Romano","Mairano","Romano","Mairano","","Marano","","","","","",""
"Tiepolo (1970)",339,1313,"colleganza","","Francesco","Viadro","Franciscus","Viatro","Viaro","Viaro","","","","","","","Marino","Soranzo","Marino","Superancio","Soranzo","Soranzo","","","","","",""
"Sebellico (1973)",330,1323,"colleganza","","Nicola","Miani","Nicolaus","Miani","Miani","Miani","","","","","","","Giovanni","Zeno","Iohanni","Geno","Zeno","Zeno","","","","","",""
"Morozzo della Rocca and Lombardo (1940)",704,1234,"repeat","settlement for document 673","Giovanni","Acotanto","Iohannis","Acotanto","Acotanto","Acotanto","","","","","","","Maria","Giusto","Maria","Iusto","Zusto","Zusto","","","","","",""
"Morozzo della Rocca and Lombardo (1940)",801,1250,"colleganza","","Antonio","Pigozo","Antonius","Pigoco","","","","","","","","","Marco","Spatario","Marco","Spatario","","","","","","","",""
"Morozzo della Rocca and Lombardo (1940)",238,1165,"repeat","settlement following request in document 236","Angelo","Vitale","Angelo","Vitali","Vidal","Vidal","","","","","","","Leone","Copula","Leonem","Copula","","","","","","","",""
"Morozzo della Rocca and Lombardo (1940)",772,1244,"repeat","copy of document 771","Martino","Miliano","Martinus","Milianus","Miani","Miani","","","","","","","Lazzaro","Mercadante","Lacaro","Marcadante","","","","","","","",""
"Morozzo della Rocca and Lombardo (1940)",721,1239,"colleganza","","Margarito","Giacomo","Margaritus","Iacovo","","","","","","","","","Filippo","Donà","Filippo","Donato","Donato","Donato","","","","","",""
"Sebellico (1973)",50,1316,"colleganza","","Giovannino","Sanudo","Iohanninus","Sanudo","Sanudo","Sanudo","","","","","","","Giovanni","Soranzo","Iohanne","Superancio","Soranzo","Soranzo","","","","","",""
"Morozzo della Rocca and Lombardo (1940)",560,1214,"colleganza settlement","","Tomasso","Bonifacio","Thomam","Facio","Faccio","Faccio","","","","","","","Blasio","Bredano","Blasius","Bredano","Bredani","Bredani","","","","","",""
"Sebellico (1973)",500,1328,"colleganza","","Marco","Soranzo","Marcus","Superancio","Soranzo","Soranzo","","","","","","","Paolo","Foscarini","Paulo","Fuscareno","Foscarini","Foscarini","","","","","",""
"Morozzo della Rocca and Lombardo (1940)",757,1244,"colleganza settlement","","Odorico","Bello","Oderico","Bello","Belli","Belli","","","","","","","Pietro","Dolfin","Petrus","Delfinus","Dolfin","Dolfin","","","","","",""
"Morozzo della Rocca and Lombardo (1940)",843,1258,"colleganza","","Filippo","Venier","Phylippus","Venero","Venier","Venier","","","","","","","Lazzaro","Mercadante","Lacaro","Mardante","","","","","","","",""
"Lombardo and Morozzo della Rocca (1953)",49,1198,"colleganza settlement","","Tommaso","Viadro","Thome","Viadro","Viaro","Viaro","","","","","","","Giacomo","Arimundo","Iacobus","Arimundo","Arimondo","Arimondo","","","","","",""
"Morozzo della Rocca and Lombardo (1940)",820,1253,"colleganza","","Simone","di Burges","Symon","de Borge","","","","","","","","","Gabriele","Marignoni","Gabriele","Marigloni","Marioni","Marioni","","","","","",""
"Lombardo and Morozzo della Rocca (1953)",64,1205,"colleganza settlement","","Tommaso","Viadro","Thome","Viadro","Viaro","Viaro","","","","","","","Marco","Corner","Marcus","Cornario","Corner","Corner","","","","","",""
"Morozzo della Rocca and Lombardo (1940)",523,1210,"repeat","copy of document 522","Giovanni","Corner","Iohannus","Cornarius","Corner","Corner","","","","","","","Leonardo","Bosio","Leonardo","Bosio","","Bosio","","","","","",""
"Morozzo della Rocca and Lombardo (1940)",741,1241,"colleganza","","Pietro","Batello","Petrus","Batello","","","","","","","","","Pietro","Trevisan","Petro","Tervisano","Trevisan","Trevisan","","","","","",""
"Morozzo della Rocca and Lombardo (1940)",718,1239,"colleganza","","Margarito","Giacomo","Margaritus","Iacovo","","","","","","","","","Giovanni","Albino","Iohanne","Albino","Albino","Albino","","","","","",""
"Morozzo della Rocca and Lombardo (1940)",59,1130,"colleganza settlement","","Viviano","da Molin","Viviano","da Molino","Da Molin","Da Molin","","","","","","","Pietro","Adoaldo","Petrus","Adoaldus","Addoldo","Addoldo","","","","","",""
"Morozzo della Rocca and Lombardo (1940)",653,1231,"colleganza settlement","","Domenico","Orio","Dominicus","Aurio","Orio","Orio","","","","","","","Giovanni","Contarini","Iohannis","Contareno","Contarini","Contarini","","","","","",""
"Morozzo della Rocca and Lombardo (1940)",524,1209,"colleganza settlement","","Domenico","Gradenigo","Dominico","Gradonico","Gradenigo","Gradenigo","","","","","","","Matteo","Marzolo","Matheus","Marcolo","","","","","","","",""
"Morozzo della Rocca and Lombardo (1940)",601,1222,"colleganza","","Domenico","Gradenigo","Dominicus","Gradonicus","Gradenigo","Gradenigo","","","","","","","Vivaldo","da Mantova","Vivaldo","da Mantua","","","","","","","",""
"Lombardo and Morozzo della Rocca (1953)",83,1226,"colleganza","","Giacomo","Cupo","Iacobus","Cupo","Coppo","Coppo","","","","","","","Marco","Vallaresso","Marco","Vallaresso","Valaresso","Valaresso","","","","","",""
"Morozzo della Rocca and Lombardo (1940)",753,1242,"colleganza","","Omobono","Barbo","Homobonus","Barbo","Barbo","Barbo","","","","","","","Michele","da Canale","Michaele","da Canale","Canal","Canal","","","","","",""
"Morozzo della Rocca and Lombardo (1940)",785,1247,"colleganza","","Angelo","da Molin","Angelus","da Molino","Da Molin","Da Molin","","","","","","","Paolo","da Molin","Paulo","da Molino","Da Molin","Da Molin","","","","","",""
"Lombardo and Morozzo della Rocca (1953)",100,1255,"colleganza","","Giovanni","Trevisan","Iohannes","Tervisanus","Trevisan","Trevisan","","","","","","","Pietro","Viadro","Petro","Viadro","Viaro","Viaro","","","","","",""
"Sebellico (1973)",273,1324,"colleganza","","Filippo","Zulian","Philippus","Çuliano","Zulian","Zulian","","","","","","","Agnese","da la Scala","Agneti","de la Scala","Dalla Scala","Dalla Scala","","","","","",""
"Sebellico (1973)",294,1323,"colleganza","","Gabriele","Barbarigo","Gabriel","Barbadico","Barbarigo","Barbarigo","","","","","","","Benedetto","da Molino","Benedicto","de Molino","Da Molin","Da Molin","","","","","",""
"Sebellico (1973)",352,1323,"colleganza","","Marco","Michiel","Marcus","Michael","Michiel","Michiel","","","","","","","Andrea","Michiel","Andree","Michaeli","Michiel","Michiel","","","","","",""
"Lombardo and Morozzo della Rocca (1953)",47,1197,"colleganza settlement","","Tommaso","Viadro","Thome","Viadro","Viaro","Viaro","","","","","","","Pietro","Zorzi","Petrus","Georgius","Zorzi","Zorzi","","","","","",""
"Morozzo della Rocca and Lombardo (1940)",562,1214,"colleganza settlement","","Tomasso","Fazio","Thomam","Facio","Faccio","Faccio","","","","","","","Giovanni","Bocasso","Iohannes","Bocassus","Boccazo","Boccazo","","","","","",""
"Morozzo della Rocca and Lombardo (1940)",512,1209,"colleganza","","Domenico","Gradenigo","Dominicus","Gradonicus","Gradenigo","Gradenigo","","","","","","","Maria","Ziani","Maria","Ciani","Ziani","Ziani","","","","","",""
"Morozzo della Rocca and Lombardo (1940)",716,1239,"colleganza","","Domenico","Venier","Dominicus","Venero","Venier","Venier","","","","","","","Adamo","Balbo","Adamo","Balbo","Balbi","Balbi","","","","","",""
"Tiepolo (1970)",328,1313,"colleganza","","Antonio","Alberto","Antonius","Alberto","Alberto","Alberto","","","","","","","Andrea","Morono","Andrea","Morono","","","","","","","",""
"Morozzo della Rocca and Lombardo (1940)",508,1208,"repeat","settlement for document 496","Domenico","Gradenigo","Dominico","Gradonico","Gradenigo","Gradenigo","","","","","","","Pietro","Gradenigo","Petrus","Gradonico","Gradenigo","Gradenigo","","","","","",""
"Morozzo della Rocca and Lombardo (1940)",118,1155,"colleganza settlement","","Romano","Mairano","Romano","Mairano","","Marano","","","","","","","Pietro","Quirino di Domenico","Petrus","Quirinus filius Dominici Quirini","Querini","Querini","","","","","",""
"Sebellico (1973)",381,1324,"colleganza","","Belletto","Barbo","Beletus","Barbo","Barbo","Barbo","","","","","","","Domenico","Bollani","Dominico","Bolani","Bollani","Bollani","","","","","",""
"Morozzo della Rocca and Lombardo (1940)",497,1208,"colleganza","","Domenico","Gradenigo","Dominicus","Gradonicus","Gradenigo","Gradenigo","","","","","","","Matteo","Marzolo","Matheo","Marcolo","","","","","","","",""
"Sebellico (1973)",347,1323,"colleganza","","Francesco","Morosini","Franciscus","Moroceno","Morosini","Morosini","","","","","","","Fiordaliso","Gradenigo","Flordelise","Gradonico","Gradenigo","Gradenigo","","","","","",""
"Sebellico (1973)",111,1319,"colleganza","","Filippo","Barbadico","Phylippus","Barbadico","Barbarigo","Barbarigo","","","","","","","Nicola","Caravello","Nicolao","Charavello","Caravello","Caravello","","","","","",""
"Morozzo della Rocca and Lombardo (1940)",18,1088,"colleganza settlement","","Domenico","Mastroscoli","Dominici","Magister Scoli","","","","","","","","","Pietro","Storlato","Petri","Stoilati","Storladi","Storladi","","","","","",""
"Morozzo della Rocca and Lombardo (1940)",522,1210,"colleganza","","Giovanni","Corner","Iohannus","Cornarius","Corner","Corner","","","","","","","Leonardo","Bosio","Leonardo","Bosio","","Bosio","","","","","",""
"Morozzo della Rocca and Lombardo (1940)",701,1235,"colleganza","","Angelo","de Albrigeto","Angelus","de Albrigeto","","","","","","","","","Gabriele","Marignoni","Gabriele","Marignuni","Marioni","Marioni","","","","","",""
"Morozzo della Rocca and Lombardo (1940)",526,1210,"colleganza settlement","","Zaccaria","Stagnario","Cacharie","Staniario","Staniario","Staniario","","","","","","","Pietro","Avenanzo","Petrus","Avenanco","","","","","","","",""
"Tiepolo (1970)",338,1313,"colleganza","","Pietro","Viadro","Petrus","Viatro","Viaro","Viaro","Francesco","Viadro","Franciscus","Viatro","Viaro","Viaro","Marco","Donato","Marco","Donato","Donato","Donato","","","","","",""
"Morozzo della Rocca and Lombardo (1940)",709,1239,"colleganza","","Natale","Stagnario","Natalis","Staniario","Staniario","Staniario","","","","","","","Gabriele","Marignoni","Gabriele","Marigloni","Marioni","Marioni","","","","","",""
"Morozzo della Rocca and Lombardo (1940)",123,1156,"colleganza","","Pietro","Corner","Petrus","Cornarius","Corner","Corner","","","","","","","Stefano","Maciamano","Stephano","Maciamano","Mazaman","Mazaman","","","","","",""
"Sebellico (1973)",815,1331,"colleganza","","Filippo","Barbadico","Philippus","Barbadico","Barbarigo","Barbarigo","","","","","","","Marco","Morosini","Marco","Moroceno","Morosini","Morosini","","","","","",""
"Morozzo della Rocca and Lombardo (1940)",410,1192,"colleganza settlement","","Giovanni","Mairano","Iohannes","Marano","","Marano","","","","","","","Pangrazio","Michiel","Panchracius","Michael","Michiel","Michiel","","","","","",""
"Sebellico (1973)",113,1319,"colleganza","","Biagio","Malipiero","Blaxius","Malipero","Malipiero","Malipiero","","","","","","","Nicola","Arimondo","Nicolao","Arimondo","Arimondo","Arimondo","","","","","",""
"Morozzo della Rocca and Lombardo (1940)",840,1257,"colleganza","","Floriano","Trevisan","Florianus","Tervisano","Trevisan","Trevisan","","","","","","","Lazzaro","Mercadante","Lacaro","Mercadante","","","","","","","",""
"Morozzo della Rocca and Lombardo (1940)",745,1242,"colleganza","","Giovanni","Pergaminer","Iohannes","Pergaminer","","","","","","","","","Gabriele","Marignoni","Gabriele","Marigluni","Marioni","Marioni","","","","","",""
"Morozzo della Rocca and Lombardo (1940)",825,1254,"colleganza","","Marino","Businago","Marinus","Businago","Businago","Businago","","","","","","","Ambrogio","Roberto","Ambrosio","Ruberto","","","","","","","",""
"Morozzo della Rocca and Lombardo (1940)",781,1246,"colleganza","","Omobono","Barbo","Homobonus","Barbo","Barbo","Barbo","","","","","","","Giovanni","Giustinian","Iohanne","Iustiniano","Giustinian","Giustinian","","","","","",""
"Sebellico (1973)",110,1319,"colleganza","","Filippo","Barbadico","Phylippus","Barbadico","Barbarigo","Barbarigo","","","","","","","Marco","Morosini","Marco","Moroçeno","Morosini","Morosini","","","","","",""
"Morozzo della Rocca and Lombardo (1940)",13,1073,"colleganza","","Giovanni","Lissado da Luprio","Iohannes","Lissado de Luprio","","","","","","","","","Sevasto","Orefice","Sevasto","Aurifice","","","","","","","",""
"Morozzo della Rocca and Lombardo (1940)",665,1231,"repeat","settlement for document 656","Tommaso","Falier","Thome","Faletro","Falier","Falier","","","","","","","Andrea","Tomato","Andreas","Tomatho","","","","","","","",""
"Tiepolo (1970)",77,1311,"colleganza","","Tommaso","Zopolo","Thomas","Çopolo","","Zopolo","","","","","","","Nicolò","Morosini","Nicolao","Mauroceno","Morosini","Morosini","","","","","",""
"Morozzo della Rocca and Lombardo (1940)",185,1167,"colleganza settlement","","Pietro","Falier","Petrus","Faletro","Falier","Falier","","","","","","","Giacomo","Contarini","Iacobo","Contareno","Contarini","Contarini","","","","","",""
"Sebellico (1973)",212,1322,"colleganza","","Giacomello","Tiepolo","Iacobellus","Teupulo","Tiepolo","Tiepolo","","","","","","","Michele","Contarini","Michaele","Contareno","Contarini","Contarini","","","","","",""
"Morozzo della Rocca and Lombardo (1940)",413,1188,"colleganza settlement","","Marco","Signolo","Marco","Signolo","Signolo","Signolo","Pietro, & Simeone","Signolo","Petro & Simeone","Signolo","Signolo","Signolo","Domenico","Cupo","Dominicus","Cupo","Coppo","Coppo","","","","","",""
"Tiepolo (1970)",26,1310,"colleganza","","Michele","Contarini","Michael","Contareno","Contarini","Contarini","","","","","","","Bellino","Lando","Belino","Lando","Lando","Lando","","","","","",""
"Morozzo della Rocca and Lombardo (1940)",690,1234,"colleganza","","Rodolfo","de Suligo","Redolfus","de Suligo","","","","","","","","","Angelo","Contarini","Angelo","Contareno","Contarini","Contarini","","","","","",""
"Morozzo della Rocca and Lombardo (1940)",841,1257,"colleganza","","Giovanni","Soranzo","Iohannes","Superancio","Soranzo","Soranzo","","","","","","","Pietro","Trevisan","Petro","Tervisano","Trevisan","Trevisan","","","","","",""
"Morozzo della Rocca and Lombardo (1940)",794,1248,"colleganza","","Giacomo","Barasiro","Iacobus","Barastro","Barastro","Barastro","","","","","","","Nicola","di donna Maria","Nicolao","de Domina Maria","","","","","","","",""
"Morozzo della Rocca and Lombardo (1940)",618,1224,"colleganza","","Matteo","Simitecolo","Matheus","Simiteculo","","","","","","","","","Pietro","Darpino","Petro","Darpino","Darpin","Darpin","","","","","",""
"Lombardo and Morozzo della Rocca (1953)",96,1253,"colleganza","","Marino","Gisi","Marino","Gisi","Ghisi","Ghisi","","","","","","","Marino","Busenago","Marino","Busenago","Businago","Businago","","","","","",""
"Lombardo and Morozzo della Rocca (1953)",58,1202,"colleganza settlement","","Tommaso","Viadro","Thome","Viadro","Viaro","Viaro","","","","","","","Marco","Corner","Marcus","Cornario","Corner","Corner","","","","","",""
"Morozzo della Rocca and Lombardo (1940)",751,1242,"colleganza","","Pietro","Foscolo","Petrus","Fusculo","Foscolo","Foscolo","","","","","","","Omobono","Barastro","Homobono","Barastro","Barastro","Barastro","","","","","",""
"Morozzo della Rocca and Lombardo (1940)",726,1239,"colleganza","","Giacomo","Bembo","Iacobus","Benbo","Bembo","Bembo","","","","","","","Pietro","Permarino","Petro","Permarino","Premarin","Premarin","","","","","",""
"Tiepolo (1970)",177,1312,"colleganza","","Giovanni","Sceda","Iohannes","Sceda","","","","","","","","","Imperatrice","Michiel","Imperarise","Michaele","Michiel","Michiel","","","","","",""
"Morozzo della Rocca and Lombardo (1940)",564,1212,"colleganza settlement","","Giovanni","Longo","Iohanne","Longo","Longo","Longo","","","","","","","Bartolomeo","da Canale","Bartholomeus","da Canale","Canal","Canal","","","","","",""
"Lombardo and Morozzo della Rocca (1953)",62,1205,"colleganza","","Antolino","Curtulo da Torcello","Antolinus","Curtulo de Torcello","","Curtolo","","","","","","","Agnese","Venier","Agnete","Venerii","Venier","Venier","","","","","",""
"Tiepolo (1970)",44,1310,"colleganza","","Corrado","Duracino","Coradus","Duracino","","","","","","","","","Benedetto","Trevisan","Benedicto","Trivisano","Trevisan","Trevisan","","","","","",""
"Morozzo della Rocca and Lombardo (1940)",859,1260,"colleganza","","Pietro","Gausoni","Petrus","Gausoni","Gussoni","Gussoni","","","","","","","Giovanni","da Canale","Iohanne","da Canale","Canal","Canal","","","","","",""
"Morozzo della Rocca and Lombardo (1940)",812,1253,"repeat","copy of document 811","","","","","","","","","","","","","","","","","","","","","","","",""
"Morozzo della Rocca and Lombardo (1940)",689,1234,"colleganza","","Rodolfo","de Suligo","Redolfus","de Suligo","","","","","","","","","Pietro","Alberto","Petro","Alberto","Alberto","Alberto","","","","","",""
"Sebellico (1973)",438,1326,"colleganza","","Marino","Morosini","Marinus","Moroceno","Morosini","Morosini","","","","","","","Domenico","Leone","Domençi","Leoni","Lion","Lion","","","","","",""
"Morozzo della Rocca and Lombardo (1940)",856,1260,"colleganza","","Riniero","Trevisan","Raynerius","Tervisanus","Trevisan","Trevisan","","","","","","","Lazzaro","Scutario","Lacaro","Scutario","","Scutario","","","","","",""
"Lombardo and Morozzo della Rocca (1953)",65,1205,"colleganza settlement","","Tommaso","Viadro","Thome","Viadro","Viaro","Viaro","","","","","","","Marino","Dauro","Marinus","Dauro","Dauro","Dauro","","","","","",""
"Sebellico (1973)",295,1323,"colleganza","","Giacomello","Tiepolo","Iacobelus","Teupulo","Tiepolo","Tiepolo","","","","","","","Michele","Contarini","Michaeli","Contareno","Contarini","Contarini","","","","","",""
"Tiepolo (1970)",391,1314,"colleganza","","Marco","Bellino","Marcus","Belino","Belegno","Belegno","","","","","","","Constanza","Barbetta","Costança","Barbeta","Barbetta","Barbetta","","","","","",""
"Tiepolo (1970)",233,1312,"colleganza","","Bonomo","unknown","Bonhomo","unknown","","","","","","","","","Maddalena","da Pesaro","Magdalena","da Pesaro","Pesaro","Pesaro","","","","","",""
"Morozzo della Rocca and Lombardo (1940)",426,1195,"colleganza","","Pietro","Tiepolo","Petrus","Teupulo","Tiepolo","Tiepolo","","","","","","","Sparvere","da Canale","Sparvere","da Canale","Canal","Canal","","","","","",""
"Morozzo della Rocca and Lombardo (1940)",824,1254,"colleganza","","Marco","Simitecolo","Marcus","Simiteculo","Semitecolo","Semitecolo","","","","","","","Grandonio","di Troia","Grandonio","de Troia","","","","","","","",""
"Lombardo and Morozzo della Rocca (1953)",78,1212,"colleganza settlement","","Tommaso","Viadro","Thome","Viadro","Viaro","Viaro","","","","","","","Matteo","Marzolo","Mathei","Marçolo","","","","","","","",""
"Sebellico (1973)",109,1319,"colleganza","","Filippo","Barbadico","Phylippus","Barbadico","Barbarigo","Barbarigo","","","","","","","Marino","Badoer","Marino","Baduario","Badoer","Badoer","","","","","",""
"Lombardo and Morozzo della Rocca (1953)",59,1202,"colleganza settlement","","Tommaso","Viadro","Thome","Viadro","Viaro","Viaro","","","","","","","Filippo","Boccasso","Phylippus","de lo Buccasso","Boccazo","Boccazo","","","","","",""
"Sebellico (1973)",410,1325,"colleganza","","Donato","Grioni","Donatus","Grioni","Grioni","Grioni","","","","","","","Andrea","Briza","Andree","Briçi","Brizi","Brizi","","","","","",""
"Morozzo della Rocca and Lombardo (1940)",622,1225,"colleganza","","Nicola","Badoer","Nicolaus","Badovario","Badoer","Badoer","Michele","Emo","Michael","Aymo","Emo","Emo","Giovanni","Badoer","Iohanne","Badovario","Badoer","Badoer","","","","","",""
"Sebellico (1973)",49,1316,"colleganza","","Giovannino","Sanudo","Iohanninus","Sanudo","Sanudo","Sanudo","","","","","","","Filippo","Sanudo","Philippo","Sanudo","Sanudo","Sanudo","","","","","",""
"Lombardo and Morozzo della Rocca (1953)",80,1222,"colleganza settlement","","Domenico","Gradenigo","Domenico","Gradonico","Gradenigo","Gradenigo","","","","","","","Oria","Gradenigo","Oria","Gradonico","Gradenigo","Gradenigo","","","","","",""
"Morozzo della Rocca and Lombardo (1940)",393,1189,"colleganza settlement","","Andrea","da Molin","Andree","da Molino","Da Molin","Da Molin","","","","","","","Pietro","da Molin","Petrus","da Molino","Da Molin","Da Molin","","","","","",""
"Sebellico (1973)",816,1331,"colleganza","","Gabriele","Trevisan","Gabriel","Tervisano","Trevisan","Trevisan","","","","","","","Marco","Giustinian","Marco","Iustiniano","Giustinian","Giustinian","","","","","",""
"Morozzo della Rocca and Lombardo (1940)",746,1242,"colleganza","","Gerardo","Miliano","Girardus","Miliano","Miani","Miani","","","","","","","Lazzaro","Mercadante","Lacaro","Marcadante","","","","","","","",""
"Sebellico (1973)",817,1331,"colleganza","","Gabriele","Trevisan","Gabriel","Tervisano","Trevisan","Trevisan","","","","","","","Nicola","da le Sevele","Nicolao","de la Sevele","Dalle Sevole","Dalle Sevole","","","","","",""
"Lombardo and Morozzo della Rocca (1953)",68,1207,"colleganza","","Marco","Simone","Marcus","Simeon","","","","","","","","","Antolino","Curtulo da Torcello","Antolino","Curtulo de Torcello","","Curtolo","","","","","",""
"Morozzo della Rocca and Lombardo (1940)",610,1222,"colleganza settlement","","Giovanni","Fradello","Iohanni","Fradello","Fradello","Fradello","","","","","","","Matteo","Barbo","Matheus","Barbo","Barbo","Barbo","","","","","",""
"Sebellico (1973)",300,1323,"colleganza","","Filippo","Orio","Philippus","Aurio","Orio","Orio","","","","","","","Nicola","Caravello","Nicolao","Caravello","Caravello","Caravello","","","","","",""
"Sebellico (1973)",59,1316,"colleganza","","Marinello","Badoer","Marinellus","Baduario","Badoer","Badoer","","","","","","","Maria","Soranzo","Maria","Superancio","Soranzo","Soranzo","","","","","",""
"Morozzo della Rocca and Lombardo (1940)",424,1153,"colleganza settlement","","Giovanni","Bonoaldo","Iohannis","Bonoaldi","Bonaldi","Bonaldi","","","","","","","Aurei","Mastropiero","Aurei","Mastropetro","","Mastropetro","","","","","",""
"Lombardo and Morozzo della Rocca (1953)",99,1255,"colleganza","","Zorzi","Katarino","Çorçi","Katarino","","","","","","","","","Pietro","Viadro","Petro","Viadro","Viaro","Viaro","","","","","",""
"Morozzo della Rocca and Lombardo (1940)",719,1239,"colleganza","","Margarito","Giacomo","Margaritus","Iacovo","","","","","","","","","Giacomo","Seio","Iacobo","Seio","","","","","","","",""
"Morozzo della Rocca and Lombardo (1940)",488,1207,"colleganza","","Domenico","Gradenigo","Dominicus","Gradonicus","Gradenigo","Gradenigo","","","","","","","Filippo","Viadro","Phylipo","Viadro","Viaro","Viaro","","","","","",""
"Morozzo della Rocca and Lombardo (1940)",750,1242,"colleganza","","Odorico","Bello","Odoricus","Bello","Belli","Belli","","","","","","","Stadio","Venier","Stadio","Venero","Venier","Venier","","","","","",""
"Morozzo della Rocca and Lombardo (1940)",649,1227,"colleganza settlement","","Rinaldo","Longo","Raynaldo","Longo","Longo","Longo","","","","","","","Simeone","Bredano","Symeon","Bredano","Bredani","Bredani","","","","","",""
"Morozzo della Rocca and Lombardo (1940)",738,1239,"colleganza settlement","","Margarito","Giacomo","Margaritus","Iacovo","","","","","","","","","Pietro","Venier","Petrus","Venero","Venier","Venier","","","","","",""
"Lombardo and Morozzo della Rocca (1953)",48,1198,"colleganza settlement","","Tommaso","Viadro","Thome","Viadro","Viaro","Viaro","","","","","","","Domenico","Aldoino","Dominicus","Aldoyno","Arduini","Arduini","","","","","",""
"Morozzo della Rocca and Lombardo (1940)",740,1239,"repeat","settlement for document 722","Margarito","Giacomo","Margaritus","Iacovo","","","","","","","","","Marco","Seio","Marcus","Seio","","","","","","","",""
"Morozzo della Rocca and Lombardo (1940)",471,1205,"colleganza","","Ugolino","Bocca d'Uomo","Ugolinus","Hos Hominis","","","","","","","","","Pietro","di Guazo","Petro","de Guaço","","","","","","","",""
"Sebellico (1973)",114,1319,"colleganza","","Biagio","Malipiero","Blaxius","Malipero","Malipiero","Malipiero","","","","","","","Marco","Giustinian","Marco","Iustiniano","Giustinian","Giustinian","","","","","",""
"Morozzo della Rocca and Lombardo (1940)",400,1191,"colleganza settlement","","Pietro","Falier","Petro","Faletro","Falier","Falier","","","","","","","Pietro","Michiel","Petrus","Michael","Michiel","Michiel","","","","","",""
"Morozzo della Rocca and Lombardo (1940)",478,1206,"colleganza","","Pietro","da Ferraguto","Petrus","da Feragudo","","","","","","","","","Zaccaria","Stagnario","Cacharia","Staniario","Staniario","Staniario","","","","","",""
"Morozzo della Rocca and Lombardo (1940)",793,1248,"colleganza","","Bertaldino","Trevisan","Bertaldinus","Tervisano","Trevisan","Trevisan","","","","","","","Lazzaro","Mercadante","Lacaro","Mercadante","","","","","","","",""
"Tiepolo (1970)",203,1312,"colleganza","","Radovan","Rachovich","Radovan","Rachovich","","","Dominico","de Iema","Dominicus","de Iema","","","Zambonino","de Rodanis da Cremona","Çanbonino","de Rodanis de Cremona","","","","","","","",""
"Morozzo della Rocca and Lombardo (1940)",816,1252,"colleganza settlement","","Odorico","Belli","Odorico","Belli","Belli","Belli","","","","","","","Pietro","Falier","Petrus","Faletro","Falier","Falier","","","","","",""
"Morozzo della Rocca and Lombardo (1940)",657,1231,"colleganza","","Andrea","Soranzo","Andreas","Superancio","Soranzo","Soranzo","","","","","","","Bartolomeo","","Bartholomeo","","","","","","","","",""
"Sebellico (1973)",348,1323,"colleganza","","Giovanni","Morosini","Iohannes","Moroceno","Morosini","Morosini","","","","","","","Marino","Moro","Marino","Mauro","Moro","Moro","","","","","",""
"Morozzo della Rocca and Lombardo (1940)",717,1239,"colleganza","","Margarito","Giacomo","Margaritus","Iacovo","","","","","","","","","Giovanni","della Fontana","Iohanne","de la Fontana","Dalla Fontana","Dalla Fontana","","","","","",""
"Sebellico (1973)",154,1320,"colleganza","","Biagio","Malipiero","Blasius","Malipero","Malipiero","Malipiero","","","","","","","Caterina","Arimondo","Catherina","Arimondo","Arimondo","Arimondo","","","","","",""
"Morozzo della Rocca and Lombardo (1940)",483,1206,"colleganza","","Giovanni","Corner","Iohannes","Cornarius","Corner","Corner","","","","","","","Angelo","Simitecolo","Angelo","Simiteculo","Semitecolo","Semitecolo","","","","","",""
"Morozzo della Rocca and Lombardo (1940)",620,1225,"colleganza","","Domenico","Gradenigo","Dominicus","Gradonicus","Gradenigo","Gradenigo","","","","","","","Tommasina","Gradenigo","Thomasina","Gradonici","Gradenigo","Gradenigo","","","","","",""
"Sebellico (1973)",51,1316,"colleganza","","Giovannino","Sanudo","Iohanninus","Sanudo","Sanudo","Sanudo","","","","","","","Giovanni","Soranzo","Iohanne","Superancio","Soranzo","Soranzo","","","","","",""
"Morozzo della Rocca and Lombardo (1940)",667,1231,"repeat","settlement for document 657","Andrea","Soranzo","Andree","Superancio","Soranzo","Soranzo","","","","","","","","","","","","","","","","","",""
"Sebellico (1973)",322,1323,"colleganza","","Marco","da Molin","Marcus","de Molino","Da Molin","Da Molin","","","","","","","Andrea","Brizi","Andree","Briçi","Brizi","Brizi","","","","","",""
"Morozzo della Rocca and Lombardo (1940)",532,1211,"colleganza","","Guidotto","Gritti","Vidotus","Greti","Gritti","Gritti","","","","","","","Vitale","Gritti","Vitale","Greti","Gritti","Gritti","","","","","",""
"Sebellico (1973)",204,1321,"colleganza","","Giacomello","Tiepolo","Iacobellus","Teupulo","Tiepolo","Tiepolo","","","","","","","Giovannino","Tiepolo","Iohannino","Teupulo","Tiepolo","Tiepolo","","","","","",""
"Morozzo della Rocca and Lombardo (1940)",592,1220,"colleganza settlement","","Matteo","de Manzolo","Matheo","de Mancolo","","","","","","","","","Leonardo","Villano","Leonardus","Villano","","","","","","","",""
"Sebellico (1973)",47,1316,"colleganza","","Giovannino","Sanudo","Iohanninus","Sanudo","Sanudo","Sanudo","","","","","","","Nicola","Soranzo","Nicolai","Superancio","Soranzo","Soranzo","","","","","",""
"Morozzo della Rocca and Lombardo (1940)",501,1208,"colleganza","","Michele","Emo","Michael","Aymo","Emo","Emo","","","","","","","Domenico","Villari","Dominico","Vilglare","","","","","","","",""
"Morozzo della Rocca and Lombardo (1940)",831,1255,"colleganza","","Gerardo","Trevisan","Gerardus","Tervisano","Trevisan","Trevisan","","","","","","","Pietro","Trevisan","Petro","Tervisano","Trevisan","Trevisan","","","","","",""
"Sebellico (1973)",58,1316,"colleganza","","Marinello","Badoer","Marinellus","Baduario","Badoer","Badoer","","","","","","","Pietro","Gisi","Petro","Gixi","Ghisi","Ghisi","","","","","",""
"Sebellico (1973)",413,1325,"colleganza","","Filippo","Barbadico","Philippus","Barbadico","Barbarigo","Barbarigo","","","","","","","Marco","Morosini","Marco","Moroceno","Morosini","Morosini","","","","","",""
"Morozzo della Rocca and Lombardo (1940)",656,1231,"colleganza","","Tommaso","Falier","Thomas","Faletro","Falier","Falier","","","","","","","Andrea","Tomato","Andrea","Tomatho","","","","","","","",""
"Morozzo della Rocca and Lombardo (1940)",567,1217,"colleganza settlement","","Giovanni","Corner","Iohanni","Cornario","Corner","Corner","","","","","","","Leonardo","Bosio","Leonardus","Bosio","","Bosio","","","","","",""
"Morozzo della Rocca and Lombardo (1940)",686,1234,"colleganza","","Rodolfo","de Suligo","Redolfus","de Suligo","","","","","","","","","Lombardo","Bono","Lombardo","Bono","Bon","Bon","","","","","",""
"Tiepolo (1970)",225,1312,"colleganza","","Geremia","Bonoto","Çeremias","Bonoto","","","","","","","","","Rodolfo","de Stolla","Redulfo","de Stolla","","","","","","","",""
"Morozzo della Rocca and Lombardo (1940)",805,1223,"colleganza settlement","","Marino","da Canale","Marini","da Canale","Canal","Canal","","","","","","","Paolo","Navigaioso","Pauli","Navigaioso","Navigroso","Navigroso","","","","","",""
"Lombardo and Morozzo della Rocca (1953)",66,1205,"colleganza settlement","","Tommaso","Viadro","Thome","Viadro","Viaro","Viaro","","","","","","","Matteo","Marzulo","Matheo","Marçulo","","","","","","","",""
"Morozzo della Rocca and Lombardo (1940)",664,1232,"colleganza","","Omobono","Barbo","Homobonus","Barbo","Barbo","Barbo","","","","","","","Filippo","Belligno","Philipo","Belligno","Belegno","Belegno","","","","","",""
"Morozzo della Rocca and Lombardo (1940)",694,1235,"colleganza","","Angelo","de Albrigeto","Angelus","de Albrigeto","","","","","","","","","Gabriele","Marignoni","Gabriele","Marignoni","Marioni","Marioni","","","","","",""
"Morozzo della Rocca and Lombardo (1940)",337,1182,"colleganza settlement","","Domenico","Corner","Dominico","Cornario","Corner","Corner","","","","","","","Michele","Simitecolo","Michael","Symiteculo","Semitecolo","Semitecolo","","","","","",""
"Morozzo della Rocca and Lombardo (1940)",828,1255,"colleganza","","Antonio","Squaglia","Antonius","Squalla","","","","","","","","","Pietro","Trevisan","Petro","Tervisano","Trevisan","Trevisan","","","","","",""
"Morozzo della Rocca and Lombardo (1940)",762,1243,"colleganza","","Omobono","Barbo","Homobonus","Barbo","Barbo","Barbo","","","","","","","Giovanni","Saponario","Iohanne","Savonario","Savoner","Savoner","","","","","",""
"Morozzo della Rocca and Lombardo (1940)",671,1233,"colleganza","","Giacomo","Fel","Iacobus","Fel","","","","","","","","","Mliziana","Fel","Mliciana","Fel","","","","","","","",""
"Sebellico (1973)",226,1322,"colleganza","","Nascimbene","Musolino","Nascimbene","Musolino","Mussolino","Mussolino","","","","","","","Andriolo","Trevisan","Andriolo","Tervisano","Trevisan","Trevisan","","","","","",""
"Morozzo della Rocca and Lombardo (1940)",444,1199,"colleganza","","Zaccaria","Stagnario","Zacharie","Staniario","Staniario","Staniario","","","","","","","Giovanni","Agadi","Iohanne","Agadi","Agadi","Agadi","","","","","",""
"Morozzo della Rocca and Lombardo (1940)",835,1256,"colleganza","","Clemenazo","Rosso","Clemanacus","Russo","Rosso","Rosso","","","","","","","Martino","Messeta","Martino","Messeta","","","","","","","",""
"Morozzo della Rocca and Lombardo (1940)",602,1222,"colleganza","","Domenico","Gradenigo","Dominicus","Gradonicus","Gradenigo","Gradenigo","","","","","","","Auria","Gradonico","Auria","Gradonici","Gradenigo","Gradenigo","","","","","",""
"Sebellico (1973)",345,1323,"colleganza","","Filippo","Barbadico","Philippus","Barbadico","Barbarigo","Barbarigo","","","","","","","Marco","Morosini","Marco","Moroceno","Morosini","Morosini","","","","","",""
"Morozzo della Rocca and Lombardo (1940)",635,1224,"colleganza settlement","","Giovanni","Michiel","Iohanni","Michaeli","Michiel","Michiel","","","","","","","Marino","Permarino","Marinus","Permarinus","Premarin","Premarin","","","","","",""
"Morozzo della Rocca and Lombardo (1940)",675,1234,"colleganza","","Marco","Marino","Marcus","Marino","Marin","Marin","","","","","","","Donato","Fradello","Donato","Fradello","Fradello","Fradello","","","","","",""
"Morozzo della Rocca and Lombardo (1940)",668,1232,"colleganza","","Nicola","Emo","Nicolaus","Aymo","Emo","Emo","","","","","","","Girardo","Albizo","Girardo","Albico","Albizzo","Albizzo","","","","","",""
"Morozzo della Rocca and Lombardo (1940)",578,1218,"colleganza","","Michele","Emo","Michael","Aymo","Emo","Emo","","","","","","","Ota","Zorzi","Ota","Georgio","Zorzi","Zorzi","","","","","",""
"Morozzo della Rocca and Lombardo (1940)",767,1244,"colleganza","","Bartolomeo","Spoletino","Bartholomeus","Spoletinus","","","","","","","","","Palma","Navagero","Palma","Navaglaro","Navager","Navager","","","","","",""
"Morozzo della Rocca and Lombardo (1940)",404,1191,"colleganza settlement","","Pietro","Falier","Petro","Faletro","Falier","Falier","","","","","","","Filippo","Marcello","Philippus","Marcello","Marcello","Marcello","","","","","",""
"Morozzo della Rocca and Lombardo (1940)",401,1189,"colleganza settlement","","Pietro","Tiepolo","Petro","Teupulo","Tiepolo","Tiepolo","","","","","","","Filippo","Marcello","Philippus","Marcello","Marcello","Marcello","","","","","",""
"Morozzo della Rocca and Lombardo (1940)",662,1232,"colleganza","","Marco","Romano","Marcus","Romano","Romani","Romani","","","","","","","Marino","Marcello","Marino","Marcello","Marcello","Marcello","","","","","",""
"Morozzo della Rocca and Lombardo (1940)",684,1234,"colleganza","","Rodolfo","de Suligo","Redolfus","de Suligo","","","","","","","","","Simone","da Veglia","Simone","de Vegia","Veglia","Veglia","","","","","",""
"Tiepolo (1970)",94,1311,"colleganza","","Antonio","Alberto","Antonius","Alberto","Alberto","Alberto","","","","","","","Boni","unknown","Boni","unknown","","","","","","","",""
"Morozzo della Rocca and Lombardo (1940)",739,1239,"repeat","settlement for document 721","Margarito","Giacomo","Margaritus","Iacovo","","","","","","","","","Filippo","Donà","Phylippus","Donato","Donato","Donato","","","","","",""
"Morozzo della Rocca and Lombardo (1940)",809,1252,"colleganza","","Giovanni","Tiepolo","Iohannes","Theupulo","Tiepolo","Tiepolo","","","","","","","Gabriele","Marignoni","Gabriele","Marignono","Marioni","Marioni","","","","","",""
"Morozzo della Rocca and Lombardo (1940)",409,1189,"colleganza settlement","","Filippo","d'Albiola","Phylippo","d'Aybolo","","","","","","","","","Leonardo","di Bocasso","Leonardus","de Bocasso","Boccazo","Boccazo","","","","","",""
"Morozzo della Rocca and Lombardo (1940)",499,1207,"repeat","settlement for document 489","Domenico","Gradenigo","Dominico","Gradonico","Gradenigo","Gradenigo","","","","","","","Matteo","Marzolo","Matheo","Marcolo","","","","","","","",""
"Morozzo della Rocca and Lombardo (1940)",842,1257,"colleganza","","Tommaso","Marin","Thomas","Marino","Marin","Marin","","","","","","","Marco","Marignoni","Marco","Marignoni","Marioni","Marioni","","","","","",""
"Morozzo della Rocca and Lombardo (1940)",654,1231,"colleganza","","Andrea","Soranzo","Andreas","Superancio","Soranzo","Soranzo","","","","","","","Filippa","Quirini","Phylippa","Quirini","Querini","Querini","","","","","",""
"Morozzo della Rocca and Lombardo (1940)",461,1201,"colleganza settlement","","Tommaso","Viadro","Thome","Viadro","Viaro","Viaro","","","","","","","Pietro","da Muggia","Petrus","da Mugla","Da Mula","Da Mula","","","","","",""
"Morozzo della Rocca and Lombardo (1940)",397,1191,"colleganza settlement","","Domenico","Corner","Dominico","Cornario","Corner","Corner","","","","","","","Andrea","Donato","Andreas","Donato","Donato","Donato","","","","","",""
"Morozzo della Rocca and Lombardo (1940)",603,1222,"colleganza","","Domenico","Gradenigo","Dominicus","Gradonicus","Gradenigo","Gradenigo","","","","","","","Protasio","Venier","Portasio","Venero","Venier","Venier","","","","","",""
"Sebellico (1973)",153,1320,"colleganza","","Biagio","Malipiero","Blasius","Malipero","Malipiero","Malipiero","","","","","","","Nicola","Arimondo","Nicolao","Arimondo","Arimondo","Arimondo","","","","","",""
"Sebellico (1973)",208,1321,"colleganza","","Giacomello","Tiepolo","Iacobellus","Teupulo","Tiepolo","Tiepolo","","","","","","","Andriolo","Baseggio","Andrioli","Baseio","Baseggio","Baseggio","","","","","",""
"Morozzo della Rocca and Lombardo (1940)",811,1253,"colleganza","","Giovanni","Emo","Iohannes","Aymo","Emo","Emo","","","","","","","Bartolotta","Nicola","Bartholota","Nichola","Nicola","Nicola","","","","","",""
"Tiepolo (1970)",346,1313,"colleganza","","Matteo","d'Ancontano","Matheus","d'Ancontano","","","","","","","","","Emia","Giustinian","Emia","Iustiniano","Giustinian","Giustinian","","","","","",""
"Morozzo della Rocca and Lombardo (1940)",391,1190,"colleganza","","Domenico","Corner","Dominicus","Cornario","Corner","Corner","","","","","","","Michele","Simitecolo","Michaeli","Simiteculo","Semitecolo","Semitecolo","","","","","",""
"Sebellico (1973)",962,1338,"colleganza","","Andriolo","da Molin","Ardriolus","de Molino","Da Molin","Da Molin","","","","","","","Marchesina","da Molin","Marchexine","de Molino","Da Molin","Da Molin","","","","","",""
"Morozzo della Rocca and Lombardo (1940)",42,1121,"colleganza settlement","","Giovanni","Mauro","Iohanni","Mauro","Moro","Moro","","","","","","","Domenico","Ardizzone","Dominicus","Ardicione","Ardizon","Ardizon","","","","","",""
"Sebellico (1973)",524,1329,"colleganza","","Filippo","Barbadico","Philippus","Barbadico","Barbarigo","Barbarigo","","","","","","","Marco","Morosini","Marco","Moroceno","Morosini","Morosini","","","","","",""
"Sebellico (1973)",819,1331,"colleganza","","Marco","da Molin","Marcus","de Molino","Da Molin","Da Molin","","","","","","","Andrea","Brizi","Andree","Briçi","Brizi","Brizi","","","","","",""
"Morozzo della Rocca and Lombardo (1940)",814,1253,"colleganza","","Giovanni","Emo","Iohannes","Aymo","Emo","Emo","","","","","","","Marino","Badoer","Marino","Badovario","Badoer","Badoer","","","","","",""
"Morozzo della Rocca and Lombardo (1940)",647,1228,"colleganza settlement","","Leonardo","Minio","Leonardo","Minio","Minio","Minio","","","","","","","Giacomina","Iantani","Iacomina","Iantani","","","","","","","",""
"Morozzo della Rocca and Lombardo (1940)",207,1167,"colleganza reference","","Bartolomeo","Giuliano","Bartholomeus","Iulianus","Zulian","Zulian","","","","","","","Romano","Mairano","Romano","Mairano","","Marano","","","","","",""
"Morozzo della Rocca and Lombardo (1940)",117,1154,"colleganza settlement","","Fantino","da Molin","Fantino","da Molino","Da Molin","Da Molin","","","","","","","Domenico","Centocori","Dominicus","Centum Quorum","","","","","","","",""
"Sebellico (1973)",188,1321,"colleganza","","Filippo","Barbadico","Phylippus","Barbadico","Barbarigo","Barbarigo","","","","","","","Marino","Badoer","Marino","Baduario","Badoer","Badoer","","","","","",""
"Morozzo della Rocca and Lombardo (1940)",541,1212,"colleganza settlement","","Giovanni","Bianco","Iohannes","Blanco de Canareclo","Bianco","Bianco","","","","","","","Angelo","Abriano","Angelus","Abriano","","","","","","","",""
"Morozzo della Rocca and Lombardo (1940)",722,1239,"colleganza","","Margarito","Giacomo","Margaritus","Iacovo","","","","","","","","","Marco","Seio","Marco","Seio","","","","","","","",""
"Morozzo della Rocca and Lombardo (1940)",377,1190,"colleganza","","Giacomo","Tiepolo","Iacobus","Teupulus","Tiepolo","Tiepolo","","","","","","","Marco","Tiepolo","Marco","Teupulo","Tiepolo","Tiepolo","","","","","",""
"Tiepolo (1970)",336,1313,"colleganza","","Pietro","Viadro","Petrus","Viatro","Viaro","Viaro","Francesco","Viadro","Franciscus","Viatro","Viaro","Viaro","Maria","Zeno","Maria","Çeno","Zeno","Zeno","","","","","",""
"Sebellico (1973)",16,1315,"colleganza","","Berno","Trevisan","Bernus","Tervixano","Trevisan","Trevisan","","","","","","","Catarina","dalla Fontana","Katarina","de la Fontana","Dalla Fontana","Dalla Fontana","","","","","",""
"Sebellico (1973)",190,1321,"colleganza","","Filippo","Barbadico","Phylippus","Barbadico","Barbarigo","Barbarigo","","","","","","","Marco","Morosini","Marco","Moroçeno","Morosini","Morosini","","","","","",""
"Morozzo della Rocca and Lombardo (1940)",234,1170,"colleganza","","Pangrazio","Pascaligo","Pangrati","Pascaligo","Pasqualigo","Pasqualigo","","","","","","","Vitale","Voltani","Vitale","Vultani","","","","","","","",""
"Morozzo della Rocca and Lombardo (1940)",31,1105,"colleganza settlement","","Giovanni","Baro","Iohanni","Baro","","","","","","","","","Domenico","Michiel","Dominicus","Michael","Michiel","Michiel","","","","","",""
"Morozzo della Rocca and Lombardo (1940)",834,1256,"colleganza","","Vettore","Trevisan","Victor","Tervisanus","Trevisan","Trevisan","","","","","","","Omobono","Barastro","Homobono","Barastro","Barastro","Barastro","","","","","",""
"Morozzo della Rocca and Lombardo (1940)",505,1207,"colleganza settlement","","Domenico","Gradenigo","Dominico","Gradonico","Gradenigo","Gradenigo","","","","","","","Giacomo","Mocenigo","Iacobus","Mucianigo","Mocenigo","Mocenigo","","","","","",""
"Tiepolo (1970)",337,1313,"colleganza","","Pietro","Viadro","Petrus","Viatro","Viaro","Viaro","Francesco","Viadro","Franciscus","Viatro","Viaro","Viaro","Domenzi","Lion","Domençi","Leone","Lion","Lion","","","","","",""
"Sebellico (1973)",156,1320,"colleganza","","Marco","Martinenzo","Marcus","Martinenço","Martinazo","Martinazo","","","","","","","Filippo","Corner","Philippo","Cornario","Corner","Corner","","","","","",""
"Morozzo della Rocca and Lombardo (1940)",822,1221,"colleganza reference","","Tommaso","Bon","Thomas","Bono","Bon","Bon","","","","","","","Giamoco","Mudacio","Iacobo","Mudacio","Muazzo","Muazzo","","","","","",""
"Morozzo della Rocca and Lombardo (1940)",607,1222,"colleganza settlement","","Matteo","de Manzolo","Matheo","de Mancolo","","","","","","","","","Filippo","Guido","Philippus","Guido","Guido","Guido","","","","","",""
"Morozzo della Rocca and Lombardo (1940)",634,1226,"colleganza settlement","","Michele","Emo","Michaeli","Aimo","Emo","Emo","","","","","","","Giovanni","Grasso","Iohannes","Grasso","","Grasso","","","","","",""
"Sebellico (1973)",492,1328,"colleganza","","Marino","Morosini","Marinus","Mauroceno","Morosini","Morosini","","","","","","","Giacomo","Zordan","Iacobo","Çordano","Zordani","Zordani","","","","","",""
"Sebellico (1973)",894,1333,"colleganza","","Marco","Loredan","Marcus","Lauredano","Loredan","Loredan","","","","","","","Dardi","Babilonio","Dardi","Babilonio","Babilonio","Babilonio","","","","","",""
"Morozzo della Rocca and Lombardo (1940)",343,1185,"colleganza","","Prodano","da Muggia","Prodanus","da Mugla","Da Mula","Da Mula","","","","","","","Pietro","da Muggia","Petrus","da Mugla","Da Mula","Da Mula","","","","","",""
"Morozzo della Rocca and Lombardo (1940)",149,1161,"colleganza settlement","","Giacomo","Venier","Iacobus","Venerio","Venier","Venier","","","","","","","Foscari","Malaza","Fuscari","Malaza","Malaza","Malaza","","","","","",""
"Morozzo della Rocca and Lombardo (1940)",468,1205,"colleganza","","Michele","Emo","Michael","Aymo","Emo","Emo","","","","","","","Giovanni","Natale","Iohanne","Natale","Nadal","Nadal","","","","","",""
"Morozzo della Rocca and Lombardo (1940)",747,1239,"repeat","settlement for document 720","Margarito","Giacomo","Margaritus","Iacovo","","","","","","","","","Cipriano","Manguni","Ciprianus","Mangoni","","","","","","","",""
"Sebellico (1973)",213,1322,"colleganza","","Giacomello","Tiepolo","Iacobellus","Teupulo","Tiepolo","Tiepolo","","","","","","","Giovannino","Tiepolo","Iohannino","Teupulo","Tiepolo","Tiepolo","","","","","",""
"Morozzo della Rocca and Lombardo (1940)",588,1220,"colleganza","","Domenico","Gradenigo","Dominicus","Gradonicus","Gradenigo","Gradenigo","","","","","","","Agnese","Gradenigo","Agneti","Gradonico","Gradenigo","Gradenigo","","","","","",""
"Morozzo della Rocca and Lombardo (1940)",414,1192,"colleganza settlement","","Blasio","Basegio","Blasio","Basilio","Baseggio","Baseggio","","","","","","","Giovanni","Natale","Iohannes","Natalis","Nadal","Nadal","","","","","",""
"Morozzo della Rocca and Lombardo (1940)",511,1208,"colleganza settlement","","Domenico","Gradenigo","Dominico","Gradonico","Gradenigo","Gradenigo","","","","","","","Maria","Ziani","Maria","Ciani","Ziani","Ziani","","","","","",""
"Morozzo della Rocca and Lombardo (1940)",679,1234,"colleganza","","Rodolfo","de Suligo","Redolfus","de Suligo","","","","","","","","","Prodano","Dandolo","Prodano","Dandulo","Dandolo","Dandolo","","","","","",""
"Sebellico (1973)",149,1320,"colleganza","","Pietro","Sagredo","Petrus","Sagreto","Sagredo","Sagredo","","","","","","","Nicola","Arimondo","Nicolao","Arimondo","Arimondo","Arimondo","","","","","",""
"Morozzo della Rocca and Lombardo (1940)",720,1239,"colleganza","","Margarito","Giacomo","Margaritus","Iacovo","","","","","","","","","Cipriano","Mangoni","Cipriano","Mangoni","","","","","","","",""
"Tiepolo (1970)",499,1316,"colleganza","","Marco","Belin","Marcus","Belin","Belegno","Belegno","","","","","","","Constanza","Barbetta","Costança","Barbeta","Barbetta","Barbetta","","","","","",""
"Morozzo della Rocca and Lombardo (1940)",752,1242,"colleganza","","Omobono","Barbo","Homobonus","Barbo","Barbo","Barbo","","","","","","","Leonardo","Minio","Leonardo","Minio","Minio","Minio","","","","","",""
"Morozzo della Rocca and Lombardo (1940)",626,1212,"colleganza reference","","Marco","de Romano","Marcus","da Romano","Romani","Romani","","","","","","","Bratholo","Agadi","Bratholo","Agadi","Agadi","Agadi","Pietro","Agadi","Pietro","Agadi","Agadi","Agadi"
"Morozzo della Rocca and Lombardo (1940)",692,1234,"colleganza settlement","","Giovanni","Michiel","Iohanni","Michaeli","Michiel","Michiel","","","","","","","Giovanni","Bocasso","Iohannes","Bocassio","Boccazo","Boccazo","Pietro","Bocasso","Petrus","Bocassio","Boccazo","Boccazo"
"Morozzo della Rocca and Lombardo (1940)",723,1239,"colleganza","","Domenico","Venier","Dominicus","Venero","Venier","Venier","","","","","","","Antonio","Caravello","Antonio","Caravello","Caravello","Caravello","Marco","Caravello","Marco","Caravello","Caravello","Caravello"
"Morozzo della Rocca and Lombardo (1940)",459,1159,"colleganza settlement","","Domenico","Corner","Dominici","Cornarii","Corner","Corner","","","","","","","Pietro","Corner","Petrus","Cornarii","Corner","Corner","Leone","Corner","Leo","Cornarii","Corner","Corner"
"Sebellico (1973)",441,1326,"colleganza","","Enrico","Straccivendolo","Henricus","Straçarolo","","","","","","","","","Marco","di Artico","Marco","de Artico","","","Marino","di Lorenzo","Marino","de Laurencio","De Laurentio","De Laurentio"
"Morozzo della Rocca and Lombardo (1940)",663,1232,"colleganza","","Omobono","Barbo","Homobonus","Barbo","Barbo","Barbo","","","","","","","Domenico","Grimani","Dominico","Grimani","Grimani","Grimani","Filippo","Grimani","Philipo","Grimani","Grimani","Grimani"
"Morozzo della Rocca and Lombardo (1940)",655,1230,"colleganza settlement","","Leonardo","Minio","Leonardo","Minio","Minio","Minio","","","","","","","Sidiana","Marino","Sidiana","Marino","Marin","Marin","Giovanni, Domenico & Bartolomeo","Marino","Iohannes, Dominicus & Bartholomeus","Marino","Marin","Marin"
"Morozzo della Rocca and Lombardo (1940)",858,1260,"colleganza","","Pietro","Gausoni","Petrus","Gausoni","Gussoni","Gussoni","","","","","","","Marco","Michiel","Marco","Michaele","Michiel","Michiel","Angelo & Tommaso","Michiel","Angelo & Thoma","Michaele","Michiel","Michiel"
"Lombardo and Morozzo della Rocca (1953)",103,1261,"colleganza settlement","","Stefano","Venier","Stephano","Venero","Venier","Venier","","","","","","","Marco","Michiel","Marco","Michaele","Michiel","Michiel","Angelo & Tommaso","Michiel","Angelo & Thoma","Michaele","Michiel","Michiel"
"Morozzo della Rocca and Lombardo (1940)",737,1239,"repeat","settlement for document 718","Margarito","Giacomo","Margaritus","Iacovo","","","","","","","","","Giovanni","Albino","Iohanne","Albino","Albino","Albino","Pasquale","Mudacio","Pascali","Mudacio","Muazzo","Muazzo"
"Morozzo della Rocca and Lombardo (1940)",727,1238,"colleganza reference","","Ugolino","Lombardo","Ugolini","Lombardi","Lombardo","Lombardo","","","","","","","Pietro","Nani","Petro","Nani","Nani","Nani","Zaccaria","Nani","Çacharias","Nani","Nani","Nani"
"Morozzo della Rocca and Lombardo (1940)",688,1234,"colleganza","","Rodolfo","de Suligo","Redolfus","de Suligo","","","","","","","","","Rinaldo","Rosso","Rainaldo","Rosso","Rosso","Rosso","Marino","Rosso","Marino","Rosso","Rosso","Rosso"
"Morozzo della Rocca and Lombardo (1940)",555,1213,"colleganza settlement","","Domenico","Gradenigo","Dominico","Gradonico","Gradenigo","Gradenigo","","","","","","","Michele","Soranzo","Michael","Seuranco","Soranzo","Soranzo","Pietro","Soranzo","Petrus","Seuranco","Soranzo","Soranzo"
